===== A/A ARM-INTERNAL DRIFT CHARACTERIZATION (frankentorch-mdsmm.1) =====
torch:2 (CreamTrout)  started 2026-09-01T21:43:26Z
host=thinkstation1 nproc=64 HEAD=c302d800116b037e7a2980a54c0e0c88f3238d8d
elf_sha256=0eae52712e68de135eefc9adf1274a8cbf8b99612803f91f869e30066a8f60c2  build_base=87a7890d (clean-overlay)
lanes=conv2d_masked,max_pool1d  reps=24  warmup=16  round_warmup=0 (board default)
modes: paired | incumbent-only (FT_H2H_NO_FT_ARM) | ft-only (FT_H2H_NO_INCUMBENT)
invocations per mode: 6   entry point: scripts/h2h_window.sh
NO vs-PyTorch claim is emitted from any isolation row.
bank redirected to scratch: isolation rows must not enter the shared incumbent bank.

@@@ mode=paired invocation=1 21:43:26Z loadavg=1.70 3.55 4.43
[paired i1] SLOTS lane=max_pool1d ft=[7.6001 7.0945 6.9892 6.6326] pt=[6.7740 7.3092 6.3423 7.7728]
[paired i1] SLOTS lane=conv2d_masked ft=[5.2492 5.3568 5.3614 5.1602] pt=[4.5161 4.8675 3.3022 3.2805]
[paired i1] SLOTS lane=max_pool1d ft=[7.2596 8.3887 7.2105 6.3064] pt=[6.7636 6.5816 5.7834 6.6344]
[paired i1] SLOTS lane=conv2d_masked ft=[5.0055 5.7972 5.2738 4.6671] pt=[3.8117 4.5855 3.3109 4.6296]
[paired i1] SLOTS lane=max_pool1d ft=[6.1976 6.5024 6.3365 6.6946] pt=[9.3295 7.4033 12.1822 9.7255]
[paired i1] SLOTS lane=conv2d_masked ft=[4.8467 3.4228 4.0122 3.4918] pt=[3.9916 3.4207 2.5545 5.1314]
[paired i1] SLOTS lane=max_pool1d ft=[6.7399 6.2312 6.3816 6.3844] pt=[9.1592 7.0450 6.6361 7.4839]
[paired i1] SLOTS lane=conv2d_masked ft=[4.8112 4.3152 4.1243 3.9745] pt=[3.9752 4.6337 3.9121 4.6048]
[paired i1] SLOTS lane=max_pool1d ft=[6.3033 6.6894 6.7479 6.3369] pt=[9.0318 7.4896 7.1843 7.8736]
[paired i1] SLOTS lane=conv2d_masked ft=[4.7753 3.7428 3.9782 3.5590] pt=[3.5195 3.2127 1.8799 2.9821]
[paired i1] SLOTS lane=max_pool1d ft=[6.0711 6.2844 6.3333 6.2668] pt=[6.7882 6.7559 6.0263 7.0590]
[paired i1] SLOTS lane=conv2d_masked ft=[4.9127 4.2777 4.6198 3.7677] pt=[3.6213 3.7468 2.7149 3.4159]
[paired i1] SLOTS lane=max_pool1d ft=[6.3257 6.2505 6.3647 8.4340] pt=[8.0381 9.2455 8.1553 7.6831]
[paired i1] SLOTS lane=conv2d_masked ft=[4.6757 3.1837 3.8810 3.4648] pt=[4.0779 4.1836 3.4669 3.6342]
[paired i1] SLOTS lane=max_pool1d ft=[6.6370 6.7375 6.5728 6.6146] pt=[6.3614 7.8028 9.1561 8.1389]
[paired i1] SLOTS lane=conv2d_masked ft=[4.8757 3.8548 4.9343 5.0925] pt=[4.5341 4.6572 3.6171 4.2311]
[paired i1] SLOTS lane=max_pool1d ft=[6.3399 6.1719 6.5296 6.3630] pt=[8.7378 8.1001 7.7413 7.9863]
[paired i1] SLOTS lane=conv2d_masked ft=[6.5129 5.3303 4.5628 4.5934] pt=[3.7436 3.8612 3.0982 3.8657]
[paired i1] SLOTS lane=max_pool1d ft=[6.0539 6.8069 6.6710 6.4065] pt=[7.6745 8.2895 7.2532 7.3872]
[paired i1] SLOTS lane=conv2d_masked ft=[4.9503 4.5469 5.2060 5.3959] pt=[3.6848 3.7293 3.1288 5.2127]
[paired i1] SLOTS lane=max_pool1d ft=[6.2263 6.1890 6.8898 10.1959] pt=[8.4374 8.2562 7.7108 8.1515]
[paired i1] SLOTS lane=conv2d_masked ft=[4.7498 4.8583 4.8422 4.2971] pt=[3.1138 3.3620 2.0970 3.7312]
[paired i1] SLOTS lane=max_pool1d ft=[6.4102 6.4841 6.3960 6.5670] pt=[10.8773 8.1081 7.6019 7.9578]
[paired i1] SLOTS lane=conv2d_masked ft=[4.6092 3.9139 4.2670 3.5727] pt=[4.1534 4.1678 3.7613 4.0261]
[paired i1] SLOTS lane=max_pool1d ft=[5.9808 6.4631 6.7280 6.3604] pt=[7.7354 7.9805 7.7048 7.8931]
[paired i1] SLOTS lane=conv2d_masked ft=[4.7175 3.8349 4.2062 3.7666] pt=[4.0772 4.4722 3.7936 3.9160]
[paired i1] SLOTS lane=max_pool1d ft=[6.3700 6.3604 7.0898 6.5687] pt=[8.8162 8.1800 7.2809 7.1333]
[paired i1] SLOTS lane=conv2d_masked ft=[5.0751 4.7626 4.9807 3.9021] pt=[3.8076 3.0493 1.7814 2.7346]
[paired i1] SLOTS lane=max_pool1d ft=[6.5969 6.7727 7.0790 6.8579] pt=[6.6575 11.0819 5.8645 7.2220]
[paired i1] SLOTS lane=conv2d_masked ft=[5.0705 5.2109 5.6837 6.6810] pt=[3.4378 3.3865 2.2361 3.6774]
[paired i1] SLOTS lane=max_pool1d ft=[7.2851 9.2896 7.1663 6.5874] pt=[7.2126 6.3932 9.4428 6.1345]
[paired i1] SLOTS lane=conv2d_masked ft=[5.2750 4.0717 4.0673 4.6612] pt=[3.2376 3.8958 2.0716 2.9772]
[paired i1] SLOTS lane=max_pool1d ft=[6.2416 6.4413 6.9070 6.8967] pt=[9.1777 7.0185 6.3337 7.3440]
[paired i1] SLOTS lane=conv2d_masked ft=[5.5918 5.1987 4.9940 5.0000] pt=[3.9848 4.0468 2.0307 3.5879]
[paired i1] SLOTS lane=max_pool1d ft=[6.2739 6.3025 6.5519 6.3309] pt=[8.7651 6.8983 5.7581 10.3338]
[paired i1] SLOTS lane=conv2d_masked ft=[5.7679 5.1518 5.6394 5.0449] pt=[3.8660 3.1660 1.8302 3.0992]
[paired i1] SLOTS lane=max_pool1d ft=[6.0942 6.3886 6.6009 49.0069] pt=[8.5470 7.8213 9.1069 5.7217]
[paired i1] SLOTS lane=conv2d_masked ft=[5.4296 5.3362 5.0292 4.8598] pt=[2.9868 2.7333 1.7745 3.2713]
[paired i1] SLOTS lane=max_pool1d ft=[6.4184 7.1820 6.3659 6.5388] pt=[9.6917 6.6174 5.2523 6.1163]
[paired i1] SLOTS lane=conv2d_masked ft=[4.9911 4.2574 4.1986 4.4096] pt=[3.2383 3.8975 2.9340 3.1846]
[paired i1] SLOTS lane=max_pool1d ft=[6.2088 7.0575 6.4855 6.4942] pt=[9.9067 6.5723 10.2903 10.7526]
[paired i1] SLOTS lane=conv2d_masked ft=[5.0388 4.6265 4.8703 5.2191] pt=[3.6202 2.9937 1.7336 3.3223]
[paired i1] SLOTS lane=max_pool1d ft=[6.1058 6.3302 6.8174 6.2142] pt=[9.6153 7.5025 6.0691 6.2646]
[paired i1] SLOTS lane=conv2d_masked ft=[5.3179 5.0846 5.9651 4.7724] pt=[3.5281 3.1352 2.0412 3.1149]
[paired i1] SLOTS lane=max_pool1d ft=[6.5168 6.6071 6.9382 6.8452] pt=[6.3250 6.3226 5.6899 6.5503]
[paired i1] SLOTS lane=conv2d_masked ft=[4.9101 4.4375 4.5616 3.9307] pt=[3.9780 3.5101 2.9470 3.9498]
[paired i1] SLOTS lane=max_pool1d ft=[6.4918 7.3468 6.7351 6.8341] pt=[8.0253 7.0482 6.5038 7.0850]
[paired i1] SLOTS lane=conv2d_masked ft=[5.0322 3.8310 4.1996 3.8626] pt=[4.2877 4.6961 4.1797 4.1828]
[paired i1]   max_pool1d      6.492    7.606   FT 1.17x FASTER     PT FAIL 1.103 [1.025,1.184] FT PASS 0.980 [0.930,1.002] ratio 1.172 [1.070,1.230] match incumbent=NO-HISTORY
[paired i1]   incumbent_mode lane=max_pool1d drawn=7.606 ms  NO HISTORY — first observation for this lane, shape and torch build. This row's incumbent has nothing to be compared against, so the row is ONE INVOCATION SHORT OF READABLE however its nulls read.
[paired i1]   conv2d_masked    4.834    3.707   FT 1.30x SLOWER     PT FAIL 1.166 [1.025,1.309] FT OFFSET 1.046 [0.954,1.101] ratio 0.767 [0.656,0.873] match incumbent=NO-HISTORY
[paired i1]   incumbent_mode lane=conv2d_masked drawn=3.707 ms  NO HISTORY — first observation for this lane, shape and torch build. This row's incumbent has nothing to be compared against, so the row is ONE INVOCATION SHORT OF READABLE however its nulls read.

@@@ mode=paired invocation=2 21:43:59Z loadavg=4.23 3.98 4.54
[paired i2] SLOTS lane=max_pool1d ft=[7.0572 6.3582 6.5075 6.5031] pt=[8.7512 10.9411 10.2333 12.0954]
[paired i2] SLOTS lane=conv2d_masked ft=[6.0765 5.9784 6.2899 5.3144] pt=[4.8942 3.5537 2.6607 3.6679]
[paired i2] SLOTS lane=max_pool1d ft=[6.6872 6.2111 6.3963 6.3347] pt=[7.8572 8.6659 11.2128 11.3128]
[paired i2] SLOTS lane=conv2d_masked ft=[5.5682 5.2457 4.7260 4.6624] pt=[3.4597 3.0382 1.6858 2.4460]
[paired i2] SLOTS lane=max_pool1d ft=[6.0979 6.5872 6.8528 6.5677] pt=[6.1499 7.1740 10.0734 9.6379]
[paired i2] SLOTS lane=conv2d_masked ft=[5.0772 4.8828 5.0366 4.8011] pt=[3.1932 2.5910 1.6930 2.6244]
[paired i2] SLOTS lane=max_pool1d ft=[5.8632 6.6075 6.2719 6.3948] pt=[6.7514 9.3426 8.8059 7.6744]
[paired i2] SLOTS lane=conv2d_masked ft=[6.0967 4.7239 4.7757 4.8878] pt=[3.6348 3.2285 2.0769 2.7352]
[paired i2] SLOTS lane=max_pool1d ft=[6.5764 9.5391 6.4801 6.4767] pt=[5.8946 6.9426 10.1937 7.3999]
[paired i2] SLOTS lane=conv2d_masked ft=[5.2721 5.9914 4.9991 5.0501] pt=[3.1567 2.3701 1.8111 2.3019]
[paired i2] SLOTS lane=max_pool1d ft=[6.9654 6.8148 7.1390 6.9404] pt=[5.9286 7.3875 9.3272 10.7287]
[paired i2] SLOTS lane=conv2d_masked ft=[4.7254 4.9946 4.6245 4.1359] pt=[3.3106 2.4424 1.5032 2.4435]
[paired i2] SLOTS lane=max_pool1d ft=[5.8840 6.3601 6.3758 6.8823] pt=[9.5233 10.3272 10.6208 8.2002]
[paired i2] SLOTS lane=conv2d_masked ft=[4.7670 3.9990 5.2191 5.1976] pt=[3.6169 2.9067 1.6719 3.3915]
[paired i2] SLOTS lane=max_pool1d ft=[6.5512 6.1745 6.6284 6.3737] pt=[6.5479 8.0607 9.9750 7.6078]
[paired i2] SLOTS lane=conv2d_masked ft=[5.6818 4.8751 4.9988 5.5789] pt=[3.6673 4.3876 2.3921 4.2132]
[paired i2] SLOTS lane=max_pool1d ft=[5.9574 6.3839 6.8552 6.7216] pt=[7.3716 7.2877 10.4041 7.2280]
[paired i2] SLOTS lane=conv2d_masked ft=[5.2268 4.9917 5.0339 4.3137] pt=[4.5064 3.4030 1.7825 3.7715]
[paired i2] SLOTS lane=max_pool1d ft=[6.3066 7.2633 6.9418 7.9494] pt=[7.5850 9.1413 10.0065 7.1592]
[paired i2] SLOTS lane=conv2d_masked ft=[7.3411 5.4164 4.6346 4.6843] pt=[3.3437 2.8808 1.8796 2.5692]
[paired i2] SLOTS lane=max_pool1d ft=[6.1505 6.4098 6.4227 6.3093] pt=[7.9631 11.7475 11.0806 11.4924]
[paired i2] SLOTS lane=conv2d_masked ft=[4.8896 4.3744 4.2846 4.2557] pt=[5.3794 3.9204 3.0315 3.6413]
[paired i2] SLOTS lane=max_pool1d ft=[6.4017 6.4398 6.6423 6.7579] pt=[9.3261 6.9408 9.1303 8.0779]
[paired i2] SLOTS lane=conv2d_masked ft=[5.4572 5.5448 5.4493 6.1723] pt=[3.6253 4.9890 3.4480 4.1593]
[paired i2] SLOTS lane=max_pool1d ft=[6.6042 6.9180 6.7605 6.2643] pt=[8.2763 8.5044 10.7881 9.6721]
[paired i2] SLOTS lane=conv2d_masked ft=[5.2791 4.3913 4.6904 4.1186] pt=[4.0939 3.8633 3.1078 3.6538]
[paired i2] SLOTS lane=max_pool1d ft=[6.7511 6.7633 6.9358 7.1606] pt=[10.0495 12.2400 11.1215 10.2148]
[paired i2] SLOTS lane=conv2d_masked ft=[5.2184 4.3129 4.2420 3.5051] pt=[4.5627 4.9418 3.8752 3.7718]
[paired i2] SLOTS lane=max_pool1d ft=[6.3913 6.2122 6.8309 6.6123] pt=[9.3473 9.2355 10.6892 8.0246]
[paired i2] SLOTS lane=conv2d_masked ft=[5.0841 5.1423 4.9602 5.1305] pt=[3.5672 3.1051 1.9394 3.1076]
[paired i2] SLOTS lane=max_pool1d ft=[6.4771 8.8115 6.5940 6.3654] pt=[8.2005 9.0858 9.9857 10.2166]
[paired i2] SLOTS lane=conv2d_masked ft=[4.4443 3.7030 4.6895 4.1770] pt=[3.6689 3.4522 2.6662 3.3837]
[paired i2] SLOTS lane=max_pool1d ft=[6.7367 6.6948 6.9647 6.5702] pt=[10.5174 9.8811 11.4073 10.3372]
[paired i2] SLOTS lane=conv2d_masked ft=[5.1045 4.7050 5.9003 6.3199] pt=[3.4510 2.7607 2.1645 4.6817]
[paired i2] SLOTS lane=max_pool1d ft=[6.3173 6.2939 7.0033 6.9615] pt=[7.4434 7.7654 9.5011 9.6080]
[paired i2] SLOTS lane=conv2d_masked ft=[5.6976 3.7100 4.7166 3.4840] pt=[4.0049 3.2926 2.1599 3.3149]
[paired i2] SLOTS lane=max_pool1d ft=[6.0321 6.6798 6.7335 6.2496] pt=[7.4157 8.2604 10.3918 11.2617]
[paired i2] SLOTS lane=conv2d_masked ft=[5.0761 4.2366 4.1304 4.1010] pt=[3.5388 3.9071 2.6004 3.7766]
[paired i2] SLOTS lane=max_pool1d ft=[6.4339 7.0675 7.0986 7.0698] pt=[6.5022 9.3574 10.3719 10.7378]
[paired i2] SLOTS lane=conv2d_masked ft=[4.8669 3.5551 3.5972 3.2778] pt=[3.4501 3.0359 2.0866 2.9128]
[paired i2] SLOTS lane=max_pool1d ft=[6.6451 6.8271 7.1371 6.8128] pt=[9.1785 10.2136 10.6941 8.9748]
[paired i2] SLOTS lane=conv2d_masked ft=[5.2336 4.1966 4.4894 4.4453] pt=[4.6042 5.3133 3.8817 3.5077]
[paired i2] SLOTS lane=max_pool1d ft=[6.1495 6.2857 6.7483 6.4374] pt=[11.3057 12.8700 7.8535 9.2844]
[paired i2] SLOTS lane=conv2d_masked ft=[4.7556 3.2511 4.2557 3.5377] pt=[4.2474 4.0906 3.7246 4.2672]
[paired i2] SLOTS lane=max_pool1d ft=[6.3895 6.7938 6.9977 6.3721] pt=[8.1968 8.8823 7.6876 8.3039]
[paired i2] SLOTS lane=conv2d_masked ft=[5.4089 3.7706 4.6031 5.0602] pt=[3.9048 4.8629 3.0614 3.4760]
[paired i2] SLOTS lane=max_pool1d ft=[5.7676 6.1971 6.0753 6.1727] pt=[7.4800 8.8502 11.4448 12.1597]
[paired i2] SLOTS lane=conv2d_masked ft=[5.5888 3.4596 4.4860 3.9344] pt=[4.2120 3.8025 3.4318 5.1888]
[paired i2]   max_pool1d      6.538    9.309   FT 1.42x FASTER     PT FAIL 0.844 [0.790,0.948] FT OFFSET 0.967 [0.945,1.030] ratio 1.424 [1.288,1.526] match incumbent=SINGLE/n2
[paired i2]   incumbent_mode lane=max_pool1d drawn=9.309 ms  SINGLE LEVEL (n=2, median 8.457, range [7.606, 9.309], spread 1.22x) — no second level banked for this lane, so this row is comparable to the other 1. The bank spans 0s — under an hour, so these are ONE session's draws, and a single-level verdict from them is WEAK: the level this lane sits at has been observed to differ BETWEEN sessions, which a bank this narrow cannot see.
[paired i2]   conv2d_masked    4.832    3.503   FT 1.38x SLOWER     PT FAIL 1.191 [1.109,1.360] FT OFFSET 1.039 [0.991,1.102] ratio 0.725 [0.623,0.837] match incumbent=SINGLE/n2
[paired i2]   incumbent_mode lane=conv2d_masked drawn=3.503 ms  SINGLE LEVEL (n=2, median 3.605, range [3.503, 3.707], spread 1.06x) — no second level banked for this lane, so this row is comparable to the other 1. The bank spans 0s — under an hour, so these are ONE session's draws, and a single-level verdict from them is WEAK: the level this lane sits at has been observed to differ BETWEEN sessions, which a bank this narrow cannot see.

@@@ mode=paired invocation=3 21:44:29Z loadavg=4.85 4.18 4.59
[paired i3] SLOTS lane=max_pool1d ft=[6.9903 6.9437 6.9966 6.9547] pt=[8.0750 8.9724 8.7932 12.7839]
[paired i3] SLOTS lane=conv2d_masked ft=[4.5949 4.0882 5.1373 4.6101] pt=[4.7798 4.2082 3.3738 5.1917]
[paired i3] SLOTS lane=max_pool1d ft=[7.1097 7.2482 7.2346 7.0502] pt=[6.7886 11.2385 6.5930 6.8819]
[paired i3] SLOTS lane=conv2d_masked ft=[4.3995 3.3227 4.4962 3.6195] pt=[5.0490 4.2425 3.6911 4.1612]
[paired i3] SLOTS lane=max_pool1d ft=[7.1212 6.9613 6.9880 6.2322] pt=[7.0439 9.2449 7.4579 5.2850]
[paired i3] SLOTS lane=conv2d_masked ft=[5.5254 5.6202 5.4630 4.5214] pt=[3.2300 3.7005 2.4260 3.1562]
[paired i3] SLOTS lane=max_pool1d ft=[5.8669 6.3922 6.4433 6.4443] pt=[6.6671 5.6948 9.3477 10.3855]
[paired i3] SLOTS lane=conv2d_masked ft=[5.3428 4.8528 4.4738 4.5222] pt=[4.2583 4.5186 4.1387 3.3393]
[paired i3] SLOTS lane=max_pool1d ft=[5.9483 7.4249 6.4901 6.6047] pt=[5.3599 7.8281 10.6303 5.4565]
[paired i3] SLOTS lane=conv2d_masked ft=[5.4625 4.8689 5.5005 4.9126] pt=[3.5421 4.2987 2.1274 3.5619]
[paired i3] SLOTS lane=max_pool1d ft=[6.3315 6.2000 6.4477 6.5897] pt=[4.7192 5.1692 7.5965 5.5541]
[paired i3] SLOTS lane=conv2d_masked ft=[5.7053 5.8773 6.0874 5.9300] pt=[3.6293 2.8820 1.9692 2.7698]
[paired i3] SLOTS lane=max_pool1d ft=[6.3077 6.5448 6.5468 6.7844] pt=[4.5568 5.2760 8.6319 7.6825]
[paired i3] SLOTS lane=conv2d_masked ft=[5.5671 5.4051 4.6285 5.5633] pt=[3.9968 3.6506 2.5057 3.4586]
[paired i3] SLOTS lane=max_pool1d ft=[7.0358 6.5510 6.6207 6.7328] pt=[6.1431 6.0383 9.3222 6.2079]
[paired i3] SLOTS lane=conv2d_masked ft=[5.0475 4.0911 4.8640 5.3752] pt=[4.0938 5.4280 3.5195 3.8494]
[paired i3] SLOTS lane=max_pool1d ft=[6.1981 7.2380 6.6301 6.5375] pt=[11.0554 8.7550 6.4873 11.4969]
[paired i3] SLOTS lane=conv2d_masked ft=[5.6429 4.9889 5.5181 4.4689] pt=[4.4464 3.7114 2.5831 4.3320]
[paired i3] SLOTS lane=max_pool1d ft=[6.0344 6.3265 6.3348 6.7633] pt=[8.8889 7.1693 8.9448 9.0876]
[paired i3] SLOTS lane=conv2d_masked ft=[5.6978 5.0366 4.3010 4.3220] pt=[4.2703 3.8083 2.8286 3.1890]
[paired i3] SLOTS lane=max_pool1d ft=[6.3219 7.1691 6.8348 6.6457] pt=[6.0765 6.5485 9.6077 5.9720]
[paired i3] SLOTS lane=conv2d_masked ft=[5.5327 5.9515 5.3490 4.7045] pt=[3.4763 3.3795 2.9241 3.3781]
[paired i3] SLOTS lane=max_pool1d ft=[6.2950 6.0870 6.4418 6.7467] pt=[7.0007 5.3731 9.9840 5.2323]
[paired i3] SLOTS lane=conv2d_masked ft=[5.0336 4.9930 5.6395 5.0247] pt=[3.3435 3.9916 4.1074 5.1118]
[paired i3] SLOTS lane=max_pool1d ft=[6.2617 7.0169 6.6887 6.6814] pt=[7.2209 8.0098 11.2274 5.2414]
[paired i3] SLOTS lane=conv2d_masked ft=[5.1220 4.0205 5.0914 4.0289] pt=[3.7756 3.0713 2.0841 3.3018]
[paired i3] SLOTS lane=max_pool1d ft=[6.3976 6.3926 6.8342 6.4529] pt=[5.3164 5.8657 8.7644 6.5048]
[paired i3] SLOTS lane=conv2d_masked ft=[5.4457 4.1273 4.5425 3.7712] pt=[3.3403 3.0663 1.8937 3.0194]
[paired i3] SLOTS lane=max_pool1d ft=[6.1345 6.5759 6.5875 6.6896] pt=[5.0390 7.6554 8.7492 5.6165]
[paired i3] SLOTS lane=conv2d_masked ft=[5.2003 4.6038 4.9267 4.8390] pt=[3.7600 3.6524 3.0057 3.1605]
[paired i3] SLOTS lane=max_pool1d ft=[6.3244 8.1718 6.2839 7.0960] pt=[4.7462 8.6288 8.5490 5.2742]
[paired i3] SLOTS lane=conv2d_masked ft=[6.1022 4.6515 4.7010 3.5753] pt=[4.5078 4.5477 3.5428 3.5330]
[paired i3] SLOTS lane=max_pool1d ft=[6.8628 6.8507 7.2195 7.0188] pt=[8.0200 8.8018 9.8842 9.2255]
[paired i3] SLOTS lane=conv2d_masked ft=[5.8042 3.9198 5.4061 4.9384] pt=[3.5691 5.0243 3.8066 3.9080]
[paired i3] SLOTS lane=max_pool1d ft=[6.8997 7.5858 6.8162 6.3458] pt=[9.8891 5.6959 8.2257 6.8162]
[paired i3] SLOTS lane=conv2d_masked ft=[5.7459 5.4120 5.3560 5.4408] pt=[3.7690 3.8669 3.2472 3.6999]
[paired i3] SLOTS lane=max_pool1d ft=[5.9490 6.3060 6.9983 6.5588] pt=[7.5699 5.8021 10.0690 6.7515]
[paired i3] SLOTS lane=conv2d_masked ft=[5.9467 5.6758 5.1978 5.4434] pt=[4.0703 4.0260 3.2960 4.6916]
[paired i3] SLOTS lane=max_pool1d ft=[5.8800 6.1137 6.3267 6.3933] pt=[11.4786 5.8393 9.3802 6.8731]
[paired i3] SLOTS lane=conv2d_masked ft=[5.6948 5.4270 5.0681 6.3317] pt=[3.2635 2.9412 2.5698 4.5078]
[paired i3] SLOTS lane=max_pool1d ft=[6.3075 6.2844 6.9249 6.6403] pt=[5.6436 9.6602 8.8499 9.5698]
[paired i3] SLOTS lane=conv2d_masked ft=[6.4429 5.9231 5.7275 5.3949] pt=[3.6454 3.2079 2.0355 4.1480]
[paired i3] SLOTS lane=max_pool1d ft=[6.2287 7.0484 6.6005 6.3506] pt=[5.6680 10.6634 9.1883 8.4614]
[paired i3] SLOTS lane=conv2d_masked ft=[4.8880 3.6763 4.6486 4.7357] pt=[3.5906 4.0371 3.9223 4.4310]
[paired i3] SLOTS lane=max_pool1d ft=[6.7804 6.6703 6.9426 9.1696] pt=[6.9816 5.6827 7.8250 6.9388]
[paired i3] SLOTS lane=conv2d_masked ft=[5.2354 4.4652 4.8255 4.7020] pt=[3.1470 2.9815 1.7856 3.0106]
[paired i3] SLOTS lane=max_pool1d ft=[6.4993 6.9378 6.3127 6.3459] pt=[4.8044 4.8496 7.4603 9.3539]
[paired i3] SLOTS lane=conv2d_masked ft=[5.1589 4.8353 4.6771 4.9688] pt=[3.4796 4.6263 3.6749 3.7057]
[paired i3]   max_pool1d      6.565    7.060   FT 1.08x FASTER     PT OFFSET 0.827 [0.775,1.001] FT PASS 1.003 [0.959,1.020] ratio 1.076 [1.008,1.235] match incumbent=SINGLE/n3
[paired i3]   incumbent_mode lane=max_pool1d drawn=7.060 ms  SINGLE LEVEL (n=3, median 7.606, range [7.060, 9.309], spread 1.32x) — no second level banked for this lane, so this row is comparable to the other 2. The bank spans 30s — under an hour, so these are ONE session's draws, and a single-level verdict from them is WEAK: the level this lane sits at has been observed to differ BETWEEN sessions, which a bank this narrow cannot see.
[paired i3]   conv2d_masked    4.992    3.622   FT 1.38x SLOWER     PT FAIL 1.103 [1.036,1.270] FT OFFSET 1.028 [0.978,1.095] ratio 0.726 [0.648,0.823] match incumbent=SINGLE/n3
[paired i3]   incumbent_mode lane=conv2d_masked drawn=3.622 ms  SINGLE LEVEL (n=3, median 3.622, range [3.503, 3.707], spread 1.06x) — no second level banked for this lane, so this row is comparable to the other 2. The bank spans 30s — under an hour, so these are ONE session's draws, and a single-level verdict from them is WEAK: the level this lane sits at has been observed to differ BETWEEN sessions, which a bank this narrow cannot see.

@@@ mode=paired invocation=4 21:44:57Z loadavg=5.97 4.52 4.70
[paired i4] SLOTS lane=max_pool1d ft=[6.8088 6.8306 6.9554 6.6671] pt=[6.8815 7.9326 7.8341 8.0194]
[paired i4] SLOTS lane=conv2d_masked ft=[5.4864 5.8744 5.6048 5.9145] pt=[4.4921 3.2303 2.0400 3.4628]
[paired i4] SLOTS lane=max_pool1d ft=[6.8010 6.5608 6.2831 6.3761] pt=[7.2884 8.8374 7.6615 7.3391]
[paired i4] SLOTS lane=conv2d_masked ft=[5.2255 4.6411 4.6818 4.6318] pt=[3.3755 2.8940 1.6752 2.9125]
[paired i4] SLOTS lane=max_pool1d ft=[6.2215 6.3327 6.3412 6.2070] pt=[6.1127 7.4274 7.7317 10.0778]
[paired i4] SLOTS lane=conv2d_masked ft=[6.0164 5.1102 5.2379 4.4216] pt=[4.0170 3.8830 2.9369 3.0716]
[paired i4] SLOTS lane=max_pool1d ft=[5.9653 6.0684 6.2831 6.2586] pt=[7.5013 7.2511 12.1601 7.8768]
[paired i4] SLOTS lane=conv2d_masked ft=[4.9262 4.2998 5.0270 4.6142] pt=[3.9591 3.6241 2.4955 3.5794]
[paired i4] SLOTS lane=max_pool1d ft=[6.1588 6.5033 6.9314 7.3038] pt=[9.2179 8.7521 11.0272 9.0728]
[paired i4] SLOTS lane=conv2d_masked ft=[4.7890 6.0305 4.6309 5.4553] pt=[4.2814 4.0224 2.9111 3.7292]
[paired i4] SLOTS lane=max_pool1d ft=[7.0683 6.7993 7.1474 6.5482] pt=[8.3515 10.1929 8.4686 8.5100]
[paired i4] SLOTS lane=conv2d_masked ft=[4.8144 5.3654 4.4072 5.9558] pt=[4.1294 3.9708 2.9646 3.5764]
[paired i4] SLOTS lane=max_pool1d ft=[6.6175 6.2573 6.4272 8.2530] pt=[7.6401 10.4361 8.1635 7.6958]
[paired i4] SLOTS lane=conv2d_masked ft=[8.0662 5.5298 4.7361 4.1647] pt=[3.1894 4.1471 3.3521 3.9269]
[paired i4] SLOTS lane=max_pool1d ft=[6.7002 6.4050 6.5353 6.7314] pt=[8.6888 7.7429 8.8124 8.2190]
[paired i4] SLOTS lane=conv2d_masked ft=[4.7631 3.6068 4.0157 3.7754] pt=[3.5672 4.2986 2.8285 2.7720]
[paired i4] SLOTS lane=max_pool1d ft=[6.6303 6.3947 6.4241 6.5009] pt=[7.2274 7.4776 11.5749 8.0708]
[paired i4] SLOTS lane=conv2d_masked ft=[4.8115 4.8158 5.0432 5.0397] pt=[4.3936 3.4119 2.6122 3.6428]
[paired i4] SLOTS lane=max_pool1d ft=[6.5182 6.2230 6.2880 6.2366] pt=[11.2259 7.9623 7.7243 8.0599]
[paired i4] SLOTS lane=conv2d_masked ft=[5.1366 4.6246 4.5211 4.8598] pt=[4.2247 4.0638 3.2751 4.0906]
[paired i4] SLOTS lane=max_pool1d ft=[6.1485 6.2813 6.3911 6.3584] pt=[11.5197 7.9212 8.1616 7.7934]
[paired i4] SLOTS lane=conv2d_masked ft=[4.5167 4.3152 4.6293 4.7303] pt=[3.6821 4.6696 3.2993 3.4971]
[paired i4] SLOTS lane=max_pool1d ft=[6.1413 6.2298 6.5138 6.2147] pt=[10.2483 8.6052 7.8903 7.5587]
[paired i4] SLOTS lane=conv2d_masked ft=[4.6778 4.3326 4.1103 3.7534] pt=[3.9266 4.3211 3.3051 4.8984]
[paired i4] SLOTS lane=max_pool1d ft=[5.8996 6.3756 6.3378 6.1887] pt=[7.8018 7.4875 10.7547 7.3751]
[paired i4] SLOTS lane=conv2d_masked ft=[5.1148 4.6986 4.5022 4.7736] pt=[3.2370 3.2607 3.2768 3.7633]
[paired i4] SLOTS lane=max_pool1d ft=[6.0670 6.3987 6.3431 5.9115] pt=[11.5625 7.9651 11.5867 8.7851]
[paired i4] SLOTS lane=conv2d_masked ft=[5.3073 5.2522 4.5482 4.6591] pt=[3.7095 3.1485 3.6994 3.2126]
[paired i4] SLOTS lane=max_pool1d ft=[6.6037 6.4804 6.4289 6.3188] pt=[7.8354 10.8259 8.6175 8.9372]
[paired i4] SLOTS lane=conv2d_masked ft=[4.5249 4.3769 4.4586 4.2985] pt=[3.4734 4.9724 3.1799 3.4735]
[paired i4] SLOTS lane=max_pool1d ft=[6.1607 6.2196 7.0167 9.6649] pt=[8.4218 7.6406 8.7054 7.3187]
[paired i4] SLOTS lane=conv2d_masked ft=[5.3396 5.2554 4.7489 4.7143] pt=[3.5820 3.4370 1.7900 3.0169]
[paired i4] SLOTS lane=max_pool1d ft=[6.3285 6.4445 6.3452 6.2818] pt=[6.8481 6.9187 7.6500 7.4238]
[paired i4] SLOTS lane=conv2d_masked ft=[4.8322 4.3432 4.2840 4.4211] pt=[3.5065 3.2564 2.0764 3.2284]
[paired i4] SLOTS lane=max_pool1d ft=[6.1368 6.1421 6.3871 6.4380] pt=[7.3705 11.2505 9.0936 7.5043]
[paired i4] SLOTS lane=conv2d_masked ft=[5.2649 4.1649 4.1582 3.9977] pt=[3.2921 3.4425 2.0399 3.2716]
[paired i4] SLOTS lane=max_pool1d ft=[6.0402 6.5337 7.0542 6.2239] pt=[7.4055 11.3282 9.5601 9.8480]
[paired i4] SLOTS lane=conv2d_masked ft=[5.0231 5.3218 5.0349 4.8181] pt=[3.6206 4.1927 2.3774 5.1761]
[paired i4] SLOTS lane=max_pool1d ft=[6.2201 6.5814 7.1321 6.5945] pt=[9.5877 9.2812 7.8884 7.3976]
[paired i4] SLOTS lane=conv2d_masked ft=[5.2332 4.6264 4.5301 4.2656] pt=[3.2609 2.9972 1.8904 3.1110]
[paired i4] SLOTS lane=max_pool1d ft=[6.0375 8.9938 7.4842 7.2700] pt=[7.5432 7.4461 8.9609 7.2736]
[paired i4] SLOTS lane=conv2d_masked ft=[8.0349 4.3583 4.1835 3.7552] pt=[3.4518 3.2590 1.9118 3.8380]
[paired i4] SLOTS lane=max_pool1d ft=[5.8375 6.4575 6.4416 6.6353] pt=[7.7925 8.1024 8.0319 7.9229]
[paired i4] SLOTS lane=conv2d_masked ft=[5.0969 4.0955 4.3723 4.1761] pt=[4.0264 4.2523 3.4800 4.1067]
[paired i4] SLOTS lane=max_pool1d ft=[5.9872 7.9803 6.3252 6.4276] pt=[10.1375 7.6266 10.0429 6.8190]
[paired i4] SLOTS lane=conv2d_masked ft=[5.8653 5.1027 4.9910 5.1346] pt=[3.7368 5.2305 2.0366 3.4916]
[paired i4] SLOTS lane=max_pool1d ft=[6.2455 6.4961 6.6980 6.4519] pt=[10.0012 8.6530 11.3466 9.3917]
[paired i4] SLOTS lane=conv2d_masked ft=[5.1502 4.9877 4.5456 4.3745] pt=[3.3214 2.9509 1.8724 3.1689]
[paired i4]   max_pool1d      6.452    8.036   FT 1.25x FASTER     PT OFFSET 1.068 [0.927,1.157] FT PASS 0.990 [0.951,1.010] ratio 1.246 [1.219,1.323] match incumbent=SINGLE/n4
[paired i4]   incumbent_mode lane=max_pool1d drawn=8.036 ms  SINGLE LEVEL (n=4, median 7.821, range [7.060, 9.309], spread 1.32x) — no second level banked for this lane, so this row is comparable to the other 3. The bank spans 58s — under an hour, so these are ONE session's draws, and a single-level verdict from them is WEAK: the level this lane sits at has been observed to differ BETWEEN sessions, which a bank this narrow cannot see.
[paired i4]   conv2d_masked    4.754    3.475   FT 1.37x SLOWER     PT FAIL 1.259 [1.109,1.377] FT FAIL 1.061 [1.023,1.139] ratio 0.731 [0.691,0.776] match incumbent=SINGLE/n4
[paired i4]   incumbent_mode lane=conv2d_masked drawn=3.475 ms  SINGLE LEVEL (n=4, median 3.563, range [3.475, 3.707], spread 1.07x) — no second level banked for this lane, so this row is comparable to the other 3. The bank spans 58s — under an hour, so these are ONE session's draws, and a single-level verdict from them is WEAK: the level this lane sits at has been observed to differ BETWEEN sessions, which a bank this narrow cannot see.

@@@ mode=paired invocation=5 21:45:25Z loadavg=6.31 4.73 4.76
[paired i5] SLOTS lane=max_pool1d ft=[6.6023 6.5857 6.9464 10.4068] pt=[5.7013 4.8924 7.3031 5.2006]
[paired i5] SLOTS lane=conv2d_masked ft=[5.3629 4.9615 5.1718 5.9731] pt=[4.1013 3.5288 1.8653 3.4064]
[paired i5] SLOTS lane=max_pool1d ft=[6.3849 6.2371 6.6101 7.1374] pt=[4.9507 6.6033 8.2121 8.1379]
[paired i5] SLOTS lane=conv2d_masked ft=[5.3395 6.7727 4.7336 5.7997] pt=[3.2497 4.5392 2.4783 3.3278]
[paired i5] SLOTS lane=max_pool1d ft=[6.5357 6.4360 6.4489 7.1852] pt=[7.0164 5.2113 8.4064 4.9467]
[paired i5] SLOTS lane=conv2d_masked ft=[5.1092 5.0809 4.9120 4.8478] pt=[3.4524 3.1747 2.1396 2.3691]
[paired i5] SLOTS lane=max_pool1d ft=[8.3391 6.6800 7.2124 8.9690] pt=[4.7050 5.6619 8.5549 6.0271]
[paired i5] SLOTS lane=conv2d_masked ft=[5.6038 5.1779 5.7308 5.3386] pt=[4.0174 3.3989 2.6290 3.4357]
[paired i5] SLOTS lane=max_pool1d ft=[6.2453 6.6052 6.9365 6.9986] pt=[5.5085 7.0418 7.6146 5.9367]
[paired i5] SLOTS lane=conv2d_masked ft=[5.6498 5.5378 5.3552 4.7425] pt=[4.3791 5.1534 3.6131 3.1274]
[paired i5] SLOTS lane=max_pool1d ft=[6.7782 6.6552 7.2062 6.7602] pt=[5.5056 4.9749 7.7999 5.5803]
[paired i5] SLOTS lane=conv2d_masked ft=[5.2795 5.3606 5.1800 5.5689] pt=[3.3371 2.1996 2.7849 2.9595]
[paired i5] SLOTS lane=max_pool1d ft=[6.0737 6.3918 6.7407 6.2909] pt=[5.9104 8.8003 7.1891 8.9157]
[paired i5] SLOTS lane=conv2d_masked ft=[6.2059 4.8394 4.9212 4.3144] pt=[3.2191 3.6529 1.9570 4.0822]
[paired i5] SLOTS lane=max_pool1d ft=[6.3033 6.7225 6.8455 6.7531] pt=[8.7724 6.0154 8.5567 8.3713]
[paired i5] SLOTS lane=conv2d_masked ft=[6.5575 4.1868 4.7748 3.4800] pt=[3.4550 3.2924 1.8578 3.8263]
[paired i5] SLOTS lane=max_pool1d ft=[6.2933 8.3644 6.7794 6.6074] pt=[5.6219 4.9677 8.7090 8.8013]
[paired i5] SLOTS lane=conv2d_masked ft=[5.6738 5.7445 5.7901 5.6765] pt=[4.2079 3.7789 3.2740 4.3832]
[paired i5] SLOTS lane=max_pool1d ft=[6.3209 6.1647 6.6329 6.9027] pt=[8.6375 7.6115 9.6027 6.5825]
[paired i5] SLOTS lane=conv2d_masked ft=[5.5239 5.4181 6.2170 5.8939] pt=[3.5184 3.9206 2.8950 3.5309]
[paired i5] SLOTS lane=max_pool1d ft=[6.0519 6.4867 6.5515 6.6098] pt=[5.8274 7.4047 8.0510 8.1317]
[paired i5] SLOTS lane=conv2d_masked ft=[5.6639 4.2681 4.2658 3.9593] pt=[3.6887 4.0929 2.9828 2.8702]
[paired i5] SLOTS lane=max_pool1d ft=[6.3495 6.4790 6.4092 6.1899] pt=[6.8185 5.3431 8.6774 8.2948]
[paired i5] SLOTS lane=conv2d_masked ft=[5.4908 4.8781 5.3520 5.7003] pt=[3.0077 2.9373 1.8501 3.7396]
[paired i5] SLOTS lane=max_pool1d ft=[6.3480 6.4666 6.5703 6.6426] pt=[5.8079 10.8365 8.4434 5.1764]
[paired i5] SLOTS lane=conv2d_masked ft=[5.4254 5.7306 5.1269 5.3138] pt=[3.4500 2.9089 1.9120 3.1562]
[paired i5] SLOTS lane=max_pool1d ft=[6.6323 7.6041 6.5477 6.7825] pt=[5.9876 6.5005 7.8525 5.9293]
[paired i5] SLOTS lane=conv2d_masked ft=[5.7387 4.8455 5.0771 4.4319] pt=[3.6259 3.4291 2.2055 3.3883]
[paired i5] SLOTS lane=max_pool1d ft=[6.3142 6.8206 6.7155 6.5493] pt=[4.9096 5.4439 7.2660 5.4707]
[paired i5] SLOTS lane=conv2d_masked ft=[5.4278 5.4034 5.4956 5.2810] pt=[3.6161 3.3647 2.2542 3.3028]
[paired i5] SLOTS lane=max_pool1d ft=[6.9752 6.3583 7.0159 7.0884] pt=[5.1562 7.7296 9.9170 5.4001]
[paired i5] SLOTS lane=conv2d_masked ft=[5.6680 6.2859 6.0097 6.2264] pt=[4.1310 3.8600 2.0087 3.7043]
[paired i5] SLOTS lane=max_pool1d ft=[6.7455 6.7599 6.4260 6.4993] pt=[5.3662 5.9522 8.8823 4.7775]
[paired i5] SLOTS lane=conv2d_masked ft=[5.2539 5.6871 5.2816 5.1019] pt=[3.7755 3.4509 1.9743 3.8150]
[paired i5] SLOTS lane=max_pool1d ft=[6.4130 6.5949 6.6621 6.5996] pt=[6.9732 6.1130 8.5427 5.5851]
[paired i5] SLOTS lane=conv2d_masked ft=[5.3432 5.7782 5.2036 4.9464] pt=[2.9042 3.7721 2.9486 2.2125]
[paired i5] SLOTS lane=max_pool1d ft=[6.9322 7.7592 6.7840 6.2591] pt=[5.3148 4.8130 8.8479 5.7480]
[paired i5] SLOTS lane=conv2d_masked ft=[5.0188 5.1091 5.0234 5.5275] pt=[3.2137 3.6425 1.7758 3.7229]
[paired i5] SLOTS lane=max_pool1d ft=[6.1128 6.5483 7.0623 6.5452] pt=[7.9944 10.5031 9.4698 6.7246]
[paired i5] SLOTS lane=conv2d_masked ft=[5.1761 5.0203 5.3817 4.5531] pt=[3.2643 3.6941 3.3846 4.8421]
[paired i5] SLOTS lane=max_pool1d ft=[6.3719 6.7600 6.7444 6.7119] pt=[6.3841 7.7229 9.9932 6.8614]
[paired i5] SLOTS lane=conv2d_masked ft=[4.9582 4.0269 4.4876 3.7652] pt=[4.6328 5.4451 3.4786 3.6467]
[paired i5] SLOTS lane=max_pool1d ft=[6.4965 6.7551 6.4907 6.6906] pt=[7.0945 8.1719 6.4012 7.3758]
[paired i5] SLOTS lane=conv2d_masked ft=[5.0114 5.4678 5.0037 4.3092] pt=[4.4395 5.4404 3.7867 4.4280]
[paired i5] SLOTS lane=max_pool1d ft=[6.3649 6.0188 6.5163 6.8458] pt=[11.4115 10.2042 11.3309 6.1261]
[paired i5] SLOTS lane=conv2d_masked ft=[5.0302 5.1928 5.3623 5.5864] pt=[4.1591 4.0542 3.0475 4.0917]
[paired i5] SLOTS lane=max_pool1d ft=[6.5290 6.4630 6.5533 6.4520] pt=[6.0603 6.0918 8.9902 6.3715]
[paired i5] SLOTS lane=conv2d_masked ft=[5.5151 4.8858 5.6839 6.2539] pt=[4.8473 4.9766 3.6708 3.4694]
[paired i5]   max_pool1d      6.610    6.845   FT 1.04x FASTER     PT FAIL 0.837 [0.755,0.930] FT FAIL 0.973 [0.952,0.994] ratio 1.036 [0.932,1.131] match incumbent=SINGLE/n5
[paired i5]   incumbent_mode lane=max_pool1d drawn=6.845 ms  SINGLE LEVEL (n=5, median 7.606, range [6.845, 9.309], spread 1.36x) — no second level banked for this lane, so this row is comparable to the other 4. The bank spans 86s — under an hour, so these are ONE session's draws, and a single-level verdict from them is WEAK: the level this lane sits at has been observed to differ BETWEEN sessions, which a bank this narrow cannot see.
[paired i5]   conv2d_masked    5.275    3.432   FT 1.54x SLOWER     PT FAIL 1.263 [1.160,1.335] FT PASS 1.020 [0.968,1.078] ratio 0.651 [0.626,0.694] match incumbent=SINGLE/n5
[paired i5]   incumbent_mode lane=conv2d_masked drawn=3.432 ms  SINGLE LEVEL (n=5, median 3.503, range [3.432, 3.707], spread 1.08x) — no second level banked for this lane, so this row is comparable to the other 4. The bank spans 86s — under an hour, so these are ONE session's draws, and a single-level verdict from them is WEAK: the level this lane sits at has been observed to differ BETWEEN sessions, which a bank this narrow cannot see.

@@@ mode=paired invocation=6 21:45:51Z loadavg=7.13 5.03 4.86
[paired i6] SLOTS lane=max_pool1d ft=[6.2704 6.1909 6.5718 6.0357] pt=[4.9569 5.2638 4.7802 5.4478]
[paired i6] SLOTS lane=conv2d_masked ft=[5.5750 5.0211 5.4766 5.0778] pt=[4.0711 4.0580 2.6167 3.6260]
[paired i6] SLOTS lane=max_pool1d ft=[6.4394 7.2025 7.0456 7.0323] pt=[5.0684 7.7642 6.0232 5.6918]
[paired i6] SLOTS lane=conv2d_masked ft=[5.0508 4.2882 4.5851 3.6048] pt=[3.3314 3.6927 2.8336 5.1402]
[paired i6] SLOTS lane=max_pool1d ft=[6.8639 6.6066 8.0175 6.5004] pt=[6.4921 5.7402 5.3188 7.3530]
[paired i6] SLOTS lane=conv2d_masked ft=[5.5345 4.5054 5.0948 4.2005] pt=[4.6521 4.4161 2.8044 3.3835]
[paired i6] SLOTS lane=max_pool1d ft=[6.3351 6.6569 6.9505 6.6111] pt=[5.3534 5.6869 5.5045 6.8525]
[paired i6] SLOTS lane=conv2d_masked ft=[4.8271 3.6900 4.5113 4.0386] pt=[3.8750 3.2269 2.4741 3.6804]
[paired i6] SLOTS lane=max_pool1d ft=[6.0036 6.2124 6.2531 6.1521] pt=[5.4351 6.6899 6.2167 6.2537]
[paired i6] SLOTS lane=conv2d_masked ft=[5.0233 3.8459 4.4841 3.8423] pt=[3.8764 3.9113 2.6047 3.3437]
[paired i6] SLOTS lane=max_pool1d ft=[6.3824 6.2548 6.3817 6.1776] pt=[9.5589 5.5909 5.2817 5.2119]
[paired i6] SLOTS lane=conv2d_masked ft=[5.4571 4.7093 5.1280 4.1601] pt=[3.0304 3.7570 2.4553 4.2387]
[paired i6] SLOTS lane=max_pool1d ft=[6.5211 6.3662 6.9887 6.9374] pt=[8.5874 5.5072 9.9412 8.8818]
[paired i6] SLOTS lane=conv2d_masked ft=[5.1192 3.9235 4.1295 3.6613] pt=[3.8150 3.8685 3.1153 4.3616]
[paired i6] SLOTS lane=max_pool1d ft=[6.5705 9.8696 7.2784 9.1812] pt=[7.1046 6.5201 5.7128 5.6036]
[paired i6] SLOTS lane=conv2d_masked ft=[4.5589 3.0411 3.6161 3.5853] pt=[3.7175 3.2974 4.2235 5.4116]
[paired i6] SLOTS lane=max_pool1d ft=[6.5271 6.5084 6.8262 6.3823] pt=[7.1602 7.2205 8.7472 5.5107]
[paired i6] SLOTS lane=conv2d_masked ft=[4.8882 4.5940 4.2193 4.3250] pt=[3.5771 3.5982 2.5945 3.2752]
[paired i6] SLOTS lane=max_pool1d ft=[5.8875 6.4803 6.7941 6.7266] pt=[5.4668 6.0808 6.0540 6.0884]
[paired i6] SLOTS lane=conv2d_masked ft=[5.3344 3.9660 4.6242 3.8025] pt=[4.0969 3.8477 3.1667 3.8870]
[paired i6] SLOTS lane=max_pool1d ft=[7.1979 7.1770 7.0884 7.3414] pt=[5.4115 6.3262 9.5016 7.8485]
[paired i6] SLOTS lane=conv2d_masked ft=[4.3247 2.8436 4.5912 3.7214] pt=[3.7314 3.8039 3.1349 3.7204]
[paired i6] SLOTS lane=max_pool1d ft=[6.5124 6.9044 6.8797 6.8464] pt=[6.1463 5.6351 5.4307 5.8821]
[paired i6] SLOTS lane=conv2d_masked ft=[5.5406 4.2590 4.6526 4.2478] pt=[3.4465 4.0684 3.1424 3.2619]
[paired i6] SLOTS lane=max_pool1d ft=[6.1772 6.4180 6.6612 6.5105] pt=[5.9513 9.6072 5.6239 7.7934]
[paired i6] SLOTS lane=conv2d_masked ft=[5.1665 4.0644 4.4770 3.9525] pt=[4.5702 3.5492 2.6242 3.5487]
[paired i6] SLOTS lane=max_pool1d ft=[6.0135 6.2697 6.3674 6.4157] pt=[5.4633 5.5788 4.8711 5.6470]
[paired i6] SLOTS lane=conv2d_masked ft=[4.8907 4.3794 4.4706 5.1092] pt=[3.8390 3.7958 3.1396 3.7994]
[paired i6] SLOTS lane=max_pool1d ft=[6.2374 6.1958 6.5786 7.7126] pt=[6.1784 6.3185 6.3942 5.5901]
[paired i6] SLOTS lane=conv2d_masked ft=[4.6276 4.1414 4.7220 3.9161] pt=[4.2942 3.8626 3.1556 3.9600]
[paired i6] SLOTS lane=max_pool1d ft=[7.3908 6.7285 7.0177 6.2790] pt=[11.4778 7.7696 6.0884 6.9158]
[paired i6] SLOTS lane=conv2d_masked ft=[5.4613 4.7919 4.5967 4.0683] pt=[3.9296 4.1676 3.1607 3.9264]
[paired i6] SLOTS lane=max_pool1d ft=[6.6394 6.9031 6.9167 6.9063] pt=[6.1592 6.2797 6.0647 9.3580]
[paired i6] SLOTS lane=conv2d_masked ft=[5.2227 6.0943 5.4879 6.0991] pt=[3.8256 4.0473 3.1513 3.8197]
[paired i6] SLOTS lane=max_pool1d ft=[6.6784 6.5163 6.6047 6.1959] pt=[6.2837 7.3765 6.2543 12.3189]
[paired i6] SLOTS lane=conv2d_masked ft=[5.1140 4.1255 4.4216 3.8222] pt=[3.9464 4.2538 3.1103 3.8355]
[paired i6] SLOTS lane=max_pool1d ft=[6.8803 6.3927 6.9250 6.5506] pt=[6.6734 6.7289 6.1775 6.3365]
[paired i6] SLOTS lane=conv2d_masked ft=[5.4974 5.2734 4.1113 3.7560] pt=[3.4358 3.2002 2.0600 3.0746]
[paired i6] SLOTS lane=max_pool1d ft=[5.8017 6.2560 6.2172 6.1468] pt=[5.0707 5.3736 8.8448 5.9263]
[paired i6] SLOTS lane=conv2d_masked ft=[5.8450 5.0626 5.7326 6.2417] pt=[3.6819 3.9437 2.8976 3.7715]
[paired i6] SLOTS lane=max_pool1d ft=[6.4706 6.4800 6.7516 6.7041] pt=[4.7942 4.9044 4.4639 5.7008]
[paired i6] SLOTS lane=conv2d_masked ft=[5.6515 5.3845 5.2678 4.9544] pt=[3.0034 2.8808 1.7418 4.0552]
[paired i6] SLOTS lane=max_pool1d ft=[6.2063 6.2795 6.5503 6.2161] pt=[8.9579 7.4120 5.4053 5.1673]
[paired i6] SLOTS lane=conv2d_masked ft=[5.8028 4.2063 4.4564 4.1671] pt=[3.1375 4.5227 2.6820 4.1730]
[paired i6] SLOTS lane=max_pool1d ft=[7.3769 6.3582 6.3140 6.2130] pt=[5.2648 5.2499 5.1290 5.2797]
[paired i6] SLOTS lane=conv2d_masked ft=[4.8377 4.0921 5.0666 4.1997] pt=[3.2592 2.9982 1.8623 3.1585]
[paired i6] SLOTS lane=max_pool1d ft=[6.7688 7.1521 6.9908 6.6830] pt=[4.8703 5.1660 5.3759 7.2981]
[paired i6] SLOTS lane=conv2d_masked ft=[5.0344 3.9267 4.0308 3.6306] pt=[3.8465 3.8320 3.0902 3.7316]
[paired i6]   max_pool1d      6.598    6.116   FT 1.08x SLOWER     PT PASS 0.994 [0.919,1.112] FT OFFSET 0.966 [0.942,1.009] ratio 0.927 [0.860,0.973] match incumbent=SINGLE/n6
[paired i6]   incumbent_mode lane=max_pool1d drawn=6.116 ms  SINGLE LEVEL (n=6, median 7.333, range [6.116, 9.309], spread 1.52x) — no second level banked for this lane, so this row is comparable to the other 5. The bank spans 112s — under an hour, so these are ONE session's draws, and a single-level verdict from them is WEAK: the level this lane sits at has been observed to differ BETWEEN sessions, which a bank this narrow cannot see.
[paired i6]   conv2d_masked    4.446    3.726   FT 1.19x SLOWER     PT FAIL 1.132 [1.084,1.232] FT FAIL 1.085 [1.044,1.160] ratio 0.838 [0.776,0.886] match incumbent=SINGLE/n6
[paired i6]   incumbent_mode lane=conv2d_masked drawn=3.726 ms  SINGLE LEVEL (n=6, median 3.563, range [3.432, 3.726], spread 1.09x) — no second level banked for this lane, so this row is comparable to the other 5. The bank spans 112s — under an hour, so these are ONE session's draws, and a single-level verdict from them is WEAK: the level this lane sits at has been observed to differ BETWEEN sessions, which a bank this narrow cannot see.
paired: 6/6 invocations in 6 attempts

@@@ mode=incumbent-only invocation=1 21:46:18Z loadavg=6.27 5.00 4.85
[incumbent-only i1] INCUMBENT-ONLY MODE (FT_H2H_NO_FT_ARM): no FrankenTorch work runs between the incumbent's samples. Every FT column and every ratio below is a PLACEHOLDER and carries no claim. Read the incumbent's per-slot times only.
[incumbent-only i1] SLOTS lane=max_pool1d ft=[1.0000 1.0000 1.0000 1.0000] pt=[8.8654 9.1675 7.8567 10.3623]
[incumbent-only i1] SLOTS lane=conv2d_masked ft=[1.0000 1.0000 1.0000 1.0000] pt=[4.5999 2.3108 2.1697 3.1369]
[incumbent-only i1] SLOTS lane=max_pool1d ft=[1.0000 1.0000 1.0000 1.0000] pt=[6.9822 11.0514 8.1002 8.0889]
[incumbent-only i1] SLOTS lane=conv2d_masked ft=[1.0000 1.0000 1.0000 1.0000] pt=[3.1615 1.8497 1.7935 1.6754]
[incumbent-only i1] SLOTS lane=max_pool1d ft=[1.0000 1.0000 1.0000 1.0000] pt=[7.0963 8.8854 8.7854 8.3281]
[incumbent-only i1] SLOTS lane=conv2d_masked ft=[1.0000 1.0000 1.0000 1.0000] pt=[3.4647 2.1097 3.4245 2.6475]
[incumbent-only i1] SLOTS lane=max_pool1d ft=[1.0000 1.0000 1.0000 1.0000] pt=[7.2468 11.2327 9.8934 10.6981]
[incumbent-only i1] SLOTS lane=conv2d_masked ft=[1.0000 1.0000 1.0000 1.0000] pt=[3.6761 2.0468 1.9686 1.8277]
[incumbent-only i1] SLOTS lane=max_pool1d ft=[1.0000 1.0000 1.0000 1.0000] pt=[6.8657 8.9416 9.8903 10.5794]
[incumbent-only i1] SLOTS lane=conv2d_masked ft=[1.0000 1.0000 1.0000 1.0000] pt=[3.4008 2.2322 2.0204 2.0284]
[incumbent-only i1] SLOTS lane=max_pool1d ft=[1.0000 1.0000 1.0000 1.0000] pt=[6.7455 8.3025 9.3640 9.5540]
[incumbent-only i1] SLOTS lane=conv2d_masked ft=[1.0000 1.0000 1.0000 1.0000] pt=[4.0363 2.6466 2.6224 2.6402]
[incumbent-only i1] SLOTS lane=max_pool1d ft=[1.0000 1.0000 1.0000 1.0000] pt=[7.8893 9.1104 9.7827 10.1993]
[incumbent-only i1] SLOTS lane=conv2d_masked ft=[1.0000 1.0000 1.0000 1.0000] pt=[3.9137 2.3580 2.2248 2.2227]
[incumbent-only i1] SLOTS lane=max_pool1d ft=[1.0000 1.0000 1.0000 1.0000] pt=[7.8052 9.4740 9.1003 9.8409]
[incumbent-only i1] SLOTS lane=conv2d_masked ft=[1.0000 1.0000 1.0000 1.0000] pt=[3.6556 3.1830 3.5304 2.6344]
[incumbent-only i1] SLOTS lane=max_pool1d ft=[1.0000 1.0000 1.0000 1.0000] pt=[6.6033 7.6233 9.4909 10.1130]
[incumbent-only i1] SLOTS lane=conv2d_masked ft=[1.0000 1.0000 1.0000 1.0000] pt=[2.9047 1.5200 1.2626 1.2656]
[incumbent-only i1] SLOTS lane=max_pool1d ft=[1.0000 1.0000 1.0000 1.0000] pt=[8.2737 9.4082 10.6069 10.5790]
[incumbent-only i1] SLOTS lane=conv2d_masked ft=[1.0000 1.0000 1.0000 1.0000] pt=[3.6993 1.9833 1.8406 1.8191]
[incumbent-only i1] SLOTS lane=max_pool1d ft=[1.0000 1.0000 1.0000 1.0000] pt=[6.7656 7.0458 8.7151 10.3291]
[incumbent-only i1] SLOTS lane=conv2d_masked ft=[1.0000 1.0000 1.0000 1.0000] pt=[3.6609 2.1354 2.0092 1.9994]
[incumbent-only i1] SLOTS lane=max_pool1d ft=[1.0000 1.0000 1.0000 1.0000] pt=[7.0710 8.4520 12.3395 11.1112]
[incumbent-only i1] SLOTS lane=conv2d_masked ft=[1.0000 1.0000 1.0000 1.0000] pt=[4.0952 2.5302 2.0410 1.8628]
[incumbent-only i1] SLOTS lane=max_pool1d ft=[1.0000 1.0000 1.0000 1.0000] pt=[6.3771 10.9260 9.8116 10.3757]
[incumbent-only i1] SLOTS lane=conv2d_masked ft=[1.0000 1.0000 1.0000 1.0000] pt=[4.0821 3.7726 3.1648 3.1455]
[incumbent-only i1] SLOTS lane=max_pool1d ft=[1.0000 1.0000 1.0000 1.0000] pt=[10.2320 10.9364 10.3770 10.6772]
[incumbent-only i1] SLOTS lane=conv2d_masked ft=[1.0000 1.0000 1.0000 1.0000] pt=[3.6516 2.6529 2.5386 2.5373]
[incumbent-only i1] SLOTS lane=max_pool1d ft=[1.0000 1.0000 1.0000 1.0000] pt=[8.2477 10.9123 9.3326 9.8679]
[incumbent-only i1] SLOTS lane=conv2d_masked ft=[1.0000 1.0000 1.0000 1.0000] pt=[3.1777 1.8234 1.5904 1.5623]
[incumbent-only i1] SLOTS lane=max_pool1d ft=[1.0000 1.0000 1.0000 1.0000] pt=[6.4021 9.1519 9.8642 9.7185]
[incumbent-only i1] SLOTS lane=conv2d_masked ft=[1.0000 1.0000 1.0000 1.0000] pt=[3.7605 2.1107 2.1999 2.0587]
[incumbent-only i1] SLOTS lane=max_pool1d ft=[1.0000 1.0000 1.0000 1.0000] pt=[6.9983 11.3291 10.7039 11.0592]
[incumbent-only i1] SLOTS lane=conv2d_masked ft=[1.0000 1.0000 1.0000 1.0000] pt=[4.6674 2.8114 2.5076 2.4121]
[incumbent-only i1] SLOTS lane=max_pool1d ft=[1.0000 1.0000 1.0000 1.0000] pt=[8.0684 9.4506 9.4544 9.3538]
[incumbent-only i1] SLOTS lane=conv2d_masked ft=[1.0000 1.0000 1.0000 1.0000] pt=[3.3551 1.7558 1.6131 1.6340]
[incumbent-only i1] SLOTS lane=max_pool1d ft=[1.0000 1.0000 1.0000 1.0000] pt=[6.3300 8.5838 10.5341 8.8483]
[incumbent-only i1] SLOTS lane=conv2d_masked ft=[1.0000 1.0000 1.0000 1.0000] pt=[4.0893 2.4739 2.4538 2.4924]
[incumbent-only i1] SLOTS lane=max_pool1d ft=[1.0000 1.0000 1.0000 1.0000] pt=[7.9264 10.5594 10.6205 11.4192]
[incumbent-only i1] SLOTS lane=conv2d_masked ft=[1.0000 1.0000 1.0000 1.0000] pt=[3.3956 1.8443 1.7622 1.7491]
[incumbent-only i1] SLOTS lane=max_pool1d ft=[1.0000 1.0000 1.0000 1.0000] pt=[6.7938 8.1241 8.4612 8.9009]
[incumbent-only i1] SLOTS lane=conv2d_masked ft=[1.0000 1.0000 1.0000 1.0000] pt=[3.5626 1.9132 1.6804 1.6385]
[incumbent-only i1] SLOTS lane=max_pool1d ft=[1.0000 1.0000 1.0000 1.0000] pt=[6.6200 8.7351 8.8918 9.2373]
[incumbent-only i1] SLOTS lane=conv2d_masked ft=[1.0000 1.0000 1.0000 1.0000] pt=[3.3902 1.7626 1.6898 1.6906]
[incumbent-only i1] SLOTS lane=max_pool1d ft=[1.0000 1.0000 1.0000 1.0000] pt=[6.2768 7.6505 7.8884 8.2399]
[incumbent-only i1] SLOTS lane=conv2d_masked ft=[1.0000 1.0000 1.0000 1.0000] pt=[3.9479 2.6637 2.6102 2.6368]
[incumbent-only i1] SLOTS lane=max_pool1d ft=[1.0000 1.0000 1.0000 1.0000] pt=[7.9291 11.1727 11.9675 10.9766]
[incumbent-only i1] SLOTS lane=conv2d_masked ft=[1.0000 1.0000 1.0000 1.0000] pt=[4.3864 3.3135 3.2148 3.1250]
[incumbent-only i1]   max_pool1d      1.000    9.409   FT 9.41x FASTER     PT FAIL 0.880 [0.794,0.925] FT PASS 1.000 [1.000,1.000] ratio 9.409 [8.775,9.782] MISMATCH incumbent=SINGLE/n7
[incumbent-only i1]   incumbent_mode lane=max_pool1d drawn=9.409 ms  SINGLE LEVEL (n=7, median 7.606, range [6.116, 9.409], spread 1.54x) — no second level banked for this lane, so this row is comparable to the other 6. The bank spans 139s — under an hour, so these are ONE session's draws, and a single-level verdict from them is WEAK: the level this lane sits at has been observed to differ BETWEEN sessions, which a bank this narrow cannot see.
[incumbent-only i1]   conv2d_masked    1.000    2.220   FT 2.22x FASTER     PT FAIL 1.404 [1.230,1.561] FT PASS 1.000 [1.000,1.000] ratio 2.220 [1.912,2.643] MISMATCH incumbent=LEVEL-A/2 n1
[incumbent-only i1]   incumbent_mode lane=conv2d_masked drawn=2.220 ms  LEVEL A OF 2 — the banked population for this lane splits at a 1.55x gap:

@@@ mode=incumbent-only invocation=2 21:46:47Z loadavg=7.07 5.29 4.95
[incumbent-only i2] INCUMBENT-ONLY MODE (FT_H2H_NO_FT_ARM): no FrankenTorch work runs between the incumbent's samples. Every FT column and every ratio below is a PLACEHOLDER and carries no claim. Read the incumbent's per-slot times only.
[incumbent-only i2] SLOTS lane=max_pool1d ft=[1.0000 1.0000 1.0000 1.0000] pt=[7.2645 10.3100 9.8681 7.4475]
[incumbent-only i2] SLOTS lane=conv2d_masked ft=[1.0000 1.0000 1.0000 1.0000] pt=[4.5095 2.3935 2.2234 2.2169]
[incumbent-only i2] SLOTS lane=max_pool1d ft=[1.0000 1.0000 1.0000 1.0000] pt=[5.1762 6.2991 6.6500 7.0444]
[incumbent-only i2] SLOTS lane=conv2d_masked ft=[1.0000 1.0000 1.0000 1.0000] pt=[3.8146 2.1361 2.0999 2.1612]
[incumbent-only i2] SLOTS lane=max_pool1d ft=[1.0000 1.0000 1.0000 1.0000] pt=[5.3335 7.6413 9.2008 10.0743]
[incumbent-only i2] SLOTS lane=conv2d_masked ft=[1.0000 1.0000 1.0000 1.0000] pt=[4.8285 3.1826 3.1816 3.1999]
[incumbent-only i2] SLOTS lane=max_pool1d ft=[1.0000 1.0000 1.0000 1.0000] pt=[10.8570 10.4656 9.8122 9.5722]
[incumbent-only i2] SLOTS lane=conv2d_masked ft=[1.0000 1.0000 1.0000 1.0000] pt=[5.2011 3.1929 3.1049 2.4550]
[incumbent-only i2] SLOTS lane=max_pool1d ft=[1.0000 1.0000 1.0000 1.0000] pt=[5.3270 8.3744 8.2383 8.2109]
[incumbent-only i2] SLOTS lane=conv2d_masked ft=[1.0000 1.0000 1.0000 1.0000] pt=[4.2264 1.8681 1.6864 1.6649]
[incumbent-only i2] SLOTS lane=max_pool1d ft=[1.0000 1.0000 1.0000 1.0000] pt=[8.8910 6.9831 6.6830 7.8401]
[incumbent-only i2] SLOTS lane=conv2d_masked ft=[1.0000 1.0000 1.0000 1.0000] pt=[3.5333 2.1145 1.7440 1.6862]
[incumbent-only i2] SLOTS lane=max_pool1d ft=[1.0000 1.0000 1.0000 1.0000] pt=[4.8439 6.6181 7.5389 9.0981]
[incumbent-only i2] SLOTS lane=conv2d_masked ft=[1.0000 1.0000 1.0000 1.0000] pt=[5.7070 2.6983 2.5441 2.4972]
[incumbent-only i2] SLOTS lane=max_pool1d ft=[1.0000 1.0000 1.0000 1.0000] pt=[6.8520 8.9674 9.3192 9.2831]
[incumbent-only i2] SLOTS lane=conv2d_masked ft=[1.0000 1.0000 1.0000 1.0000] pt=[3.9976 2.0248 1.9021 1.8640]
[incumbent-only i2] SLOTS lane=max_pool1d ft=[1.0000 1.0000 1.0000 1.0000] pt=[7.2218 9.0478 9.0034 8.8055]
[incumbent-only i2] SLOTS lane=conv2d_masked ft=[1.0000 1.0000 1.0000 1.0000] pt=[3.9836 2.0410 2.3208 2.1742]
[incumbent-only i2] SLOTS lane=max_pool1d ft=[1.0000 1.0000 1.0000 1.0000] pt=[8.5300 9.0938 8.9917 10.5341]
[incumbent-only i2] SLOTS lane=conv2d_masked ft=[1.0000 1.0000 1.0000 1.0000] pt=[4.8362 3.2220 3.2670 3.0623]
[incumbent-only i2] SLOTS lane=max_pool1d ft=[1.0000 1.0000 1.0000 1.0000] pt=[5.9098 5.8712 6.5833 6.4723]
[incumbent-only i2] SLOTS lane=conv2d_masked ft=[1.0000 1.0000 1.0000 1.0000] pt=[4.8207 3.6608 3.6427 3.7079]
[incumbent-only i2] SLOTS lane=max_pool1d ft=[1.0000 1.0000 1.0000 1.0000] pt=[5.8196 5.8248 7.7739 8.3732]
[incumbent-only i2] SLOTS lane=conv2d_masked ft=[1.0000 1.0000 1.0000 1.0000] pt=[4.7212 2.5811 2.5183 2.4679]
[incumbent-only i2] SLOTS lane=max_pool1d ft=[1.0000 1.0000 1.0000 1.0000] pt=[5.6017 9.0733 8.5694 7.8359]
[incumbent-only i2] SLOTS lane=conv2d_masked ft=[1.0000 1.0000 1.0000 1.0000] pt=[4.7876 2.6722 2.6518 2.4681]
[incumbent-only i2] SLOTS lane=max_pool1d ft=[1.0000 1.0000 1.0000 1.0000] pt=[5.5653 8.9847 8.7241 8.6125]
[incumbent-only i2] SLOTS lane=conv2d_masked ft=[1.0000 1.0000 1.0000 1.0000] pt=[4.9758 2.8678 2.9168 2.6200]
[incumbent-only i2] SLOTS lane=max_pool1d ft=[1.0000 1.0000 1.0000 1.0000] pt=[5.2766 8.3170 8.4107 8.5615]
[incumbent-only i2] SLOTS lane=conv2d_masked ft=[1.0000 1.0000 1.0000 1.0000] pt=[3.9950 2.1420 2.1489 2.1104]
[incumbent-only i2] SLOTS lane=max_pool1d ft=[1.0000 1.0000 1.0000 1.0000] pt=[8.5806 8.5285 8.9415 7.1712]
[incumbent-only i2] SLOTS lane=conv2d_masked ft=[1.0000 1.0000 1.0000 1.0000] pt=[4.0649 2.0507 1.9499 1.9605]
[incumbent-only i2] SLOTS lane=max_pool1d ft=[1.0000 1.0000 1.0000 1.0000] pt=[4.5213 6.9688 7.1850 7.3785]
[incumbent-only i2] SLOTS lane=conv2d_masked ft=[1.0000 1.0000 1.0000 1.0000] pt=[4.2434 2.0901 1.9982 2.0698]
[incumbent-only i2] SLOTS lane=max_pool1d ft=[1.0000 1.0000 1.0000 1.0000] pt=[4.5890 7.0506 7.3261 7.7954]
[incumbent-only i2] SLOTS lane=conv2d_masked ft=[1.0000 1.0000 1.0000 1.0000] pt=[3.9752 2.2181 1.9178 1.8519]
[incumbent-only i2] SLOTS lane=max_pool1d ft=[1.0000 1.0000 1.0000 1.0000] pt=[4.3862 6.9043 7.0710 7.0953]
[incumbent-only i2] SLOTS lane=conv2d_masked ft=[1.0000 1.0000 1.0000 1.0000] pt=[3.8444 2.1300 1.9202 1.8714]
[incumbent-only i2] SLOTS lane=max_pool1d ft=[1.0000 1.0000 1.0000 1.0000] pt=[4.3096 7.0968 7.2562 8.1961]
[incumbent-only i2] SLOTS lane=conv2d_masked ft=[1.0000 1.0000 1.0000 1.0000] pt=[3.8222 2.0631 1.9791 1.9258]
[incumbent-only i2] SLOTS lane=max_pool1d ft=[1.0000 1.0000 1.0000 1.0000] pt=[5.1987 6.4161 7.0419 7.4555]
[incumbent-only i2] SLOTS lane=conv2d_masked ft=[1.0000 1.0000 1.0000 1.0000] pt=[4.3398 3.9384 3.4447 3.2883]
[incumbent-only i2] SLOTS lane=max_pool1d ft=[1.0000 1.0000 1.0000 1.0000] pt=[9.3246 6.1524 6.4516 5.9902]
[incumbent-only i2] SLOTS lane=conv2d_masked ft=[1.0000 1.0000 1.0000 1.0000] pt=[4.9458 2.6071 2.7180 2.8656]
[incumbent-only i2] SLOTS lane=max_pool1d ft=[1.0000 1.0000 1.0000 1.0000] pt=[4.8974 8.8135 8.7997 7.0907]
[incumbent-only i2] SLOTS lane=conv2d_masked ft=[1.0000 1.0000 1.0000 1.0000] pt=[3.8098 2.2277 1.9751 1.9602]
[incumbent-only i2] SLOTS lane=max_pool1d ft=[1.0000 1.0000 1.0000 1.0000] pt=[4.6726 5.0392 5.2041 7.4750]
[incumbent-only i2] SLOTS lane=conv2d_masked ft=[1.0000 1.0000 1.0000 1.0000] pt=[3.3877 1.7536 1.7374 1.8197]
[incumbent-only i2]   max_pool1d      1.000    7.678   FT 7.68x FASTER     PT FAIL 0.846 [0.727,0.947] FT PASS 1.000 [1.000,1.000] ratio 7.678 [7.077,8.421] MISMATCH incumbent=SINGLE/n8
[incumbent-only i2]   incumbent_mode lane=max_pool1d drawn=7.678 ms  SINGLE LEVEL (n=8, median 7.642, range [6.116, 9.409], spread 1.54x) — no second level banked for this lane, so this row is comparable to the other 7. The bank spans 168s — under an hour, so these are ONE session's draws, and a single-level verdict from them is WEAK: the level this lane sits at has been observed to differ BETWEEN sessions, which a bank this narrow cannot see.
[incumbent-only i2]   conv2d_masked    1.000    2.198   FT 2.20x FASTER     PT FAIL 1.440 [1.378,1.562] FT PASS 1.000 [1.000,1.000] ratio 2.198 [2.061,2.662] MISMATCH incumbent=LEVEL-A/2 n2
[incumbent-only i2]   incumbent_mode lane=conv2d_masked drawn=2.198 ms  LEVEL A OF 2 — the banked population for this lane splits at a 1.55x gap:

@@@ mode=incumbent-only invocation=3 21:47:13Z loadavg=7.29 5.51 5.03
[incumbent-only i3] INCUMBENT-ONLY MODE (FT_H2H_NO_FT_ARM): no FrankenTorch work runs between the incumbent's samples. Every FT column and every ratio below is a PLACEHOLDER and carries no claim. Read the incumbent's per-slot times only.
[incumbent-only i3] SLOTS lane=max_pool1d ft=[1.0000 1.0000 1.0000 1.0000] pt=[8.1657 9.2551 6.4592 5.8412]
[incumbent-only i3] SLOTS lane=conv2d_masked ft=[1.0000 1.0000 1.0000 1.0000] pt=[4.5256 2.1657 3.0110 2.6578]
[incumbent-only i3] SLOTS lane=max_pool1d ft=[1.0000 1.0000 1.0000 1.0000] pt=[7.2100 5.4459 5.9262 5.9561]
[incumbent-only i3] SLOTS lane=conv2d_masked ft=[1.0000 1.0000 1.0000 1.0000] pt=[3.2480 1.9152 1.5891 2.1422]
[incumbent-only i3] SLOTS lane=max_pool1d ft=[1.0000 1.0000 1.0000 1.0000] pt=[8.2406 5.4509 6.6943 6.7731]
[incumbent-only i3] SLOTS lane=conv2d_masked ft=[1.0000 1.0000 1.0000 1.0000] pt=[3.2507 3.1538 3.4419 2.0370]
[incumbent-only i3] SLOTS lane=max_pool1d ft=[1.0000 1.0000 1.0000 1.0000] pt=[7.7920 10.2287 6.9932 8.6485]
[incumbent-only i3] SLOTS lane=conv2d_masked ft=[1.0000 1.0000 1.0000 1.0000] pt=[3.4418 1.8443 1.7433 1.6355]
[incumbent-only i3] SLOTS lane=max_pool1d ft=[1.0000 1.0000 1.0000 1.0000] pt=[8.8093 10.0862 9.6093 6.6092]
[incumbent-only i3] SLOTS lane=conv2d_masked ft=[1.0000 1.0000 1.0000 1.0000] pt=[3.4967 1.8762 1.8248 1.6726]
[incumbent-only i3] SLOTS lane=max_pool1d ft=[1.0000 1.0000 1.0000 1.0000] pt=[8.3488 6.6209 7.7704 9.8516]
[incumbent-only i3] SLOTS lane=conv2d_masked ft=[1.0000 1.0000 1.0000 1.0000] pt=[4.0097 2.6599 2.6059 2.5643]
[incumbent-only i3] SLOTS lane=max_pool1d ft=[1.0000 1.0000 1.0000 1.0000] pt=[8.1227 7.3912 8.5968 5.5313]
[incumbent-only i3] SLOTS lane=conv2d_masked ft=[1.0000 1.0000 1.0000 1.0000] pt=[3.7142 2.3078 1.6883 1.6439]
[incumbent-only i3] SLOTS lane=max_pool1d ft=[1.0000 1.0000 1.0000 1.0000] pt=[8.4743 4.9767 5.4853 6.5453]
[incumbent-only i3] SLOTS lane=conv2d_masked ft=[1.0000 1.0000 1.0000 1.0000] pt=[3.4958 2.2873 1.7156 1.6767]
[incumbent-only i3] SLOTS lane=max_pool1d ft=[1.0000 1.0000 1.0000 1.0000] pt=[7.9969 6.7653 5.8293 7.2193]
[incumbent-only i3] SLOTS lane=conv2d_masked ft=[1.0000 1.0000 1.0000 1.0000] pt=[3.1467 2.6845 2.0560 2.3408]
[incumbent-only i3] SLOTS lane=max_pool1d ft=[1.0000 1.0000 1.0000 1.0000] pt=[7.7094 6.7418 5.4981 5.7921]
[incumbent-only i3] SLOTS lane=conv2d_masked ft=[1.0000 1.0000 1.0000 1.0000] pt=[2.9350 1.5157 1.3741 1.3827]
[incumbent-only i3] SLOTS lane=max_pool1d ft=[1.0000 1.0000 1.0000 1.0000] pt=[7.9208 5.5135 5.2318 5.1738]
[incumbent-only i3] SLOTS lane=conv2d_masked ft=[1.0000 1.0000 1.0000 1.0000] pt=[3.2393 1.6878 1.3195 3.7685]
[incumbent-only i3] SLOTS lane=max_pool1d ft=[1.0000 1.0000 1.0000 1.0000] pt=[7.7939 9.5884 6.7023 6.9275]
[incumbent-only i3] SLOTS lane=conv2d_masked ft=[1.0000 1.0000 1.0000 1.0000] pt=[3.3062 2.2186 1.6157 1.5755]
[incumbent-only i3] SLOTS lane=max_pool1d ft=[1.0000 1.0000 1.0000 1.0000] pt=[7.1450 6.1737 9.2571 7.9237]
[incumbent-only i3] SLOTS lane=conv2d_masked ft=[1.0000 1.0000 1.0000 1.0000] pt=[3.7648 2.3726 2.7534 2.0531]
[incumbent-only i3] SLOTS lane=max_pool1d ft=[1.0000 1.0000 1.0000 1.0000] pt=[7.8829 10.2053 5.4575 6.3451]
[incumbent-only i3] SLOTS lane=conv2d_masked ft=[1.0000 1.0000 1.0000 1.0000] pt=[3.4790 2.4394 2.7918 2.0291]
[incumbent-only i3] SLOTS lane=max_pool1d ft=[1.0000 1.0000 1.0000 1.0000] pt=[9.3499 9.2138 6.1427 5.7070]
[incumbent-only i3] SLOTS lane=conv2d_masked ft=[1.0000 1.0000 1.0000 1.0000] pt=[3.3266 1.8779 1.7815 1.7247]
[incumbent-only i3] SLOTS lane=max_pool1d ft=[1.0000 1.0000 1.0000 1.0000] pt=[9.1741 7.5058 6.5439 10.4045]
[incumbent-only i3] SLOTS lane=conv2d_masked ft=[1.0000 1.0000 1.0000 1.0000] pt=[3.3585 2.1893 3.7958 1.8480]
[incumbent-only i3] SLOTS lane=max_pool1d ft=[1.0000 1.0000 1.0000 1.0000] pt=[6.1669 10.5594 8.4120 5.8924]
[incumbent-only i3] SLOTS lane=conv2d_masked ft=[1.0000 1.0000 1.0000 1.0000] pt=[3.3749 1.6865 1.7337 1.8000]
[incumbent-only i3] SLOTS lane=max_pool1d ft=[1.0000 1.0000 1.0000 1.0000] pt=[8.7180 5.4604 8.6035 5.2890]
[incumbent-only i3] SLOTS lane=conv2d_masked ft=[1.0000 1.0000 1.0000 1.0000] pt=[3.1725 1.7039 1.6131 1.5916]
[incumbent-only i3] SLOTS lane=max_pool1d ft=[1.0000 1.0000 1.0000 1.0000] pt=[10.0414 7.4644 11.7038 5.8365]
[incumbent-only i3] SLOTS lane=conv2d_masked ft=[1.0000 1.0000 1.0000 1.0000] pt=[3.4208 1.8848 1.7383 1.7206]
[incumbent-only i3] SLOTS lane=max_pool1d ft=[1.0000 1.0000 1.0000 1.0000] pt=[6.5478 8.9988 5.7477 9.8594]
[incumbent-only i3] SLOTS lane=conv2d_masked ft=[1.0000 1.0000 1.0000 1.0000] pt=[3.5846 2.0054 1.8651 1.8386]
[incumbent-only i3] SLOTS lane=max_pool1d ft=[1.0000 1.0000 1.0000 1.0000] pt=[5.8167 6.2724 11.5813 5.7528]
[incumbent-only i3] SLOTS lane=conv2d_masked ft=[1.0000 1.0000 1.0000 1.0000] pt=[4.0698 2.1413 1.9775 2.9322]
[incumbent-only i3] SLOTS lane=max_pool1d ft=[1.0000 1.0000 1.0000 1.0000] pt=[9.1069 5.8481 7.0514 6.6066]
[incumbent-only i3] SLOTS lane=conv2d_masked ft=[1.0000 1.0000 1.0000 1.0000] pt=[3.3839 3.5745 2.1406 2.5894]
[incumbent-only i3] SLOTS lane=max_pool1d ft=[1.0000 1.0000 1.0000 1.0000] pt=[6.8314 5.8170 10.4338 5.6164]
[incumbent-only i3] SLOTS lane=conv2d_masked ft=[1.0000 1.0000 1.0000 1.0000] pt=[3.1766 1.8029 1.6976 1.6781]
[incumbent-only i3] SLOTS lane=max_pool1d ft=[1.0000 1.0000 1.0000 1.0000] pt=[10.1375 5.9627 10.7328 5.2681]
[incumbent-only i3] SLOTS lane=conv2d_masked ft=[1.0000 1.0000 1.0000 1.0000] pt=[3.9068 2.3175 1.9037 1.9010]
[incumbent-only i3]   max_pool1d      1.000    7.301   FT 7.30x FASTER     PT OFFSET 1.088 [0.945,1.228] FT PASS 1.000 [1.000,1.000] ratio 7.301 [6.829,7.757] MISMATCH incumbent=SINGLE/n9
[incumbent-only i3]   incumbent_mode lane=max_pool1d drawn=7.301 ms  SINGLE LEVEL (n=9, median 7.606, range [6.116, 9.409], spread 1.54x) — no second level banked for this lane, so this row is comparable to the other 8. The bank spans 194s — under an hour, so these are ONE session's draws, and a single-level verdict from them is WEAK: the level this lane sits at has been observed to differ BETWEEN sessions, which a bank this narrow cannot see.
[incumbent-only i3]   conv2d_masked    1.000    2.015   FT 2.02x FASTER     PT FAIL 1.498 [1.208,1.633] FT PASS 1.000 [1.000,1.000] ratio 2.015 [1.850,2.537] MISMATCH incumbent=LEVEL-A/2 n3
[incumbent-only i3]   incumbent_mode lane=conv2d_masked drawn=2.015 ms  LEVEL A OF 2 — the banked population for this lane splits at a 1.55x gap:

@@@ mode=incumbent-only invocation=4 21:47:38Z loadavg=7.83 5.78 5.14
[incumbent-only i4] INCUMBENT-ONLY MODE (FT_H2H_NO_FT_ARM): no FrankenTorch work runs between the incumbent's samples. Every FT column and every ratio below is a PLACEHOLDER and carries no claim. Read the incumbent's per-slot times only.
[incumbent-only i4] SLOTS lane=max_pool1d ft=[1.0000 1.0000 1.0000 1.0000] pt=[6.0963 6.5123 6.9542 5.9676]
[incumbent-only i4] SLOTS lane=conv2d_masked ft=[1.0000 1.0000 1.0000 1.0000] pt=[4.7453 2.1735 2.0354 2.2975]
[incumbent-only i4] SLOTS lane=max_pool1d ft=[1.0000 1.0000 1.0000 1.0000] pt=[5.1626 7.5691 7.2554 6.3826]
[incumbent-only i4] SLOTS lane=conv2d_masked ft=[1.0000 1.0000 1.0000 1.0000] pt=[4.2857 2.1328 1.8378 3.0729]
[incumbent-only i4] SLOTS lane=max_pool1d ft=[1.0000 1.0000 1.0000 1.0000] pt=[5.3513 8.7246 8.4713 8.1914]
[incumbent-only i4] SLOTS lane=conv2d_masked ft=[1.0000 1.0000 1.0000 1.0000] pt=[4.2511 2.1326 1.9163 1.8631]
[incumbent-only i4] SLOTS lane=max_pool1d ft=[1.0000 1.0000 1.0000 1.0000] pt=[7.3342 8.5371 8.6975 6.5185]
[incumbent-only i4] SLOTS lane=conv2d_masked ft=[1.0000 1.0000 1.0000 1.0000] pt=[4.0555 2.0483 1.8375 1.8285]
[incumbent-only i4] SLOTS lane=max_pool1d ft=[1.0000 1.0000 1.0000 1.0000] pt=[5.2219 6.5266 7.1071 5.8733]
[incumbent-only i4] SLOTS lane=conv2d_masked ft=[1.0000 1.0000 1.0000 1.0000] pt=[3.9880 1.9915 1.8371 1.9270]
[incumbent-only i4] SLOTS lane=max_pool1d ft=[1.0000 1.0000 1.0000 1.0000] pt=[4.9438 6.5531 7.6877 8.0428]
[incumbent-only i4] SLOTS lane=conv2d_masked ft=[1.0000 1.0000 1.0000 1.0000] pt=[4.4406 2.7899 2.6817 2.4833]
[incumbent-only i4] SLOTS lane=max_pool1d ft=[1.0000 1.0000 1.0000 1.0000] pt=[5.4537 7.9612 7.4498 7.8307]
[incumbent-only i4] SLOTS lane=conv2d_masked ft=[1.0000 1.0000 1.0000 1.0000] pt=[4.5232 2.4726 2.4168 2.4221]
[incumbent-only i4] SLOTS lane=max_pool1d ft=[1.0000 1.0000 1.0000 1.0000] pt=[5.6692 8.7432 7.8698 6.8572]
[incumbent-only i4] SLOTS lane=conv2d_masked ft=[1.0000 1.0000 1.0000 1.0000] pt=[4.5356 2.4808 2.4532 2.3924]
[incumbent-only i4] SLOTS lane=max_pool1d ft=[1.0000 1.0000 1.0000 1.0000] pt=[5.6004 7.4878 8.6542 7.4061]
[incumbent-only i4] SLOTS lane=conv2d_masked ft=[1.0000 1.0000 1.0000 1.0000] pt=[4.9491 2.7314 2.4826 2.8849]
[incumbent-only i4] SLOTS lane=max_pool1d ft=[1.0000 1.0000 1.0000 1.0000] pt=[5.7709 9.2041 6.6100 5.7919]
[incumbent-only i4] SLOTS lane=conv2d_masked ft=[1.0000 1.0000 1.0000 1.0000] pt=[3.9910 2.3545 2.0947 2.1032]
[incumbent-only i4] SLOTS lane=max_pool1d ft=[1.0000 1.0000 1.0000 1.0000] pt=[4.8225 8.3893 8.3163 8.0804]
[incumbent-only i4] SLOTS lane=conv2d_masked ft=[1.0000 1.0000 1.0000 1.0000] pt=[3.3805 1.8915 1.7447 2.9884]
[incumbent-only i4] SLOTS lane=max_pool1d ft=[1.0000 1.0000 1.0000 1.0000] pt=[10.4644 8.4959 8.1138 7.9755]
[incumbent-only i4] SLOTS lane=conv2d_masked ft=[1.0000 1.0000 1.0000 1.0000] pt=[3.2564 1.6889 1.4857 1.4821]
[incumbent-only i4] SLOTS lane=max_pool1d ft=[1.0000 1.0000 1.0000 1.0000] pt=[5.2418 9.8557 7.3330 7.1583]
[incumbent-only i4] SLOTS lane=conv2d_masked ft=[1.0000 1.0000 1.0000 1.0000] pt=[3.8704 2.1375 2.0624 1.9415]
[incumbent-only i4] SLOTS lane=max_pool1d ft=[1.0000 1.0000 1.0000 1.0000] pt=[6.3964 6.8140 6.4785 7.4318]
[incumbent-only i4] SLOTS lane=conv2d_masked ft=[1.0000 1.0000 1.0000 1.0000] pt=[3.7812 2.2616 2.0028 2.0389]
[incumbent-only i4] SLOTS lane=max_pool1d ft=[1.0000 1.0000 1.0000 1.0000] pt=[4.9605 6.4450 7.4465 9.4826]
[incumbent-only i4] SLOTS lane=conv2d_masked ft=[1.0000 1.0000 1.0000 1.0000] pt=[3.4097 2.1154 1.9886 1.8982]
[incumbent-only i4] SLOTS lane=max_pool1d ft=[1.0000 1.0000 1.0000 1.0000] pt=[4.8036 8.4250 9.0358 8.2967]
[incumbent-only i4] SLOTS lane=conv2d_masked ft=[1.0000 1.0000 1.0000 1.0000] pt=[4.1105 2.8376 2.8824 2.7482]
[incumbent-only i4] SLOTS lane=max_pool1d ft=[1.0000 1.0000 1.0000 1.0000] pt=[9.9300 7.8208 7.4769 7.7975]
[incumbent-only i4] SLOTS lane=conv2d_masked ft=[1.0000 1.0000 1.0000 1.0000] pt=[3.6416 1.8001 1.7031 1.8535]
[incumbent-only i4] SLOTS lane=max_pool1d ft=[1.0000 1.0000 1.0000 1.0000] pt=[4.6004 6.2317 7.7634 7.6404]
[incumbent-only i4] SLOTS lane=conv2d_masked ft=[1.0000 1.0000 1.0000 1.0000] pt=[4.3317 2.3085 3.0178 2.3580]
[incumbent-only i4] SLOTS lane=max_pool1d ft=[1.0000 1.0000 1.0000 1.0000] pt=[5.4485 7.5198 8.9234 6.5457]
[incumbent-only i4] SLOTS lane=conv2d_masked ft=[1.0000 1.0000 1.0000 1.0000] pt=[3.6493 1.8789 1.7606 1.7263]
[incumbent-only i4] SLOTS lane=max_pool1d ft=[1.0000 1.0000 1.0000 1.0000] pt=[4.6311 6.3470 8.6905 6.3664]
[incumbent-only i4] SLOTS lane=conv2d_masked ft=[1.0000 1.0000 1.0000 1.0000] pt=[3.4932 1.9480 3.3843 2.6525]
[incumbent-only i4] SLOTS lane=max_pool1d ft=[1.0000 1.0000 1.0000 1.0000] pt=[5.3668 7.6867 7.2460 7.6077]
[incumbent-only i4] SLOTS lane=conv2d_masked ft=[1.0000 1.0000 1.0000 1.0000] pt=[4.2606 3.2440 2.5154 2.3530]
[incumbent-only i4] SLOTS lane=max_pool1d ft=[1.0000 1.0000 1.0000 1.0000] pt=[5.1924 9.3520 7.1132 7.8929]
[incumbent-only i4] SLOTS lane=conv2d_masked ft=[1.0000 1.0000 1.0000 1.0000] pt=[3.9292 3.3853 2.0042 1.9623]
[incumbent-only i4] SLOTS lane=max_pool1d ft=[1.0000 1.0000 1.0000 1.0000] pt=[9.0593 6.6863 7.0058 7.9055]
[incumbent-only i4] SLOTS lane=conv2d_masked ft=[1.0000 1.0000 1.0000 1.0000] pt=[4.0839 3.2348 3.1185 2.4945]
[incumbent-only i4] SLOTS lane=max_pool1d ft=[1.0000 1.0000 1.0000 1.0000] pt=[5.3910 6.8421 7.2490 8.0667]
[incumbent-only i4] SLOTS lane=conv2d_masked ft=[1.0000 1.0000 1.0000 1.0000] pt=[3.5778 2.0049 1.8761 1.8614]
[incumbent-only i4]   max_pool1d      1.000    7.305   FT 7.30x FASTER     PT FAIL 0.867 [0.831,0.954] FT PASS 1.000 [1.000,1.000] ratio 7.305 [6.946,7.544] MISMATCH incumbent=SINGLE/n10
[incumbent-only i4]   incumbent_mode lane=max_pool1d drawn=7.305 ms  SINGLE LEVEL (n=10, median 7.455, range [6.116, 9.409], spread 1.54x) — no second level banked for this lane, so this row is comparable to the other 9. The bank spans 220s — under an hour, so these are ONE session's draws, and a single-level verdict from them is WEAK: the level this lane sits at has been observed to differ BETWEEN sessions, which a bank this narrow cannot see.
[incumbent-only i4]   conv2d_masked    1.000    2.338   FT 2.34x FASTER     PT FAIL 1.492 [1.280,1.614] FT PASS 1.000 [1.000,1.000] ratio 2.338 [2.062,2.688] MISMATCH incumbent=LEVEL-A/2 n4
[incumbent-only i4]   incumbent_mode lane=conv2d_masked drawn=2.338 ms  LEVEL A OF 2 — the banked population for this lane splits at a 1.47x gap:

@@@ mode=incumbent-only invocation=5 21:48:03Z loadavg=7.96 5.99 5.23
[incumbent-only i5] INCUMBENT-ONLY MODE (FT_H2H_NO_FT_ARM): no FrankenTorch work runs between the incumbent's samples. Every FT column and every ratio below is a PLACEHOLDER and carries no claim. Read the incumbent's per-slot times only.
[incumbent-only i5] SLOTS lane=max_pool1d ft=[1.0000 1.0000 1.0000 1.0000] pt=[7.1290 10.2501 10.3337 12.3912]
[incumbent-only i5] SLOTS lane=conv2d_masked ft=[1.0000 1.0000 1.0000 1.0000] pt=[5.5346 3.4701 2.3714 2.2241]
[incumbent-only i5] SLOTS lane=max_pool1d ft=[1.0000 1.0000 1.0000 1.0000] pt=[6.6554 9.0493 9.7249 10.9317]
[incumbent-only i5] SLOTS lane=conv2d_masked ft=[1.0000 1.0000 1.0000 1.0000] pt=[3.3858 1.9087 1.7805 1.8553]
[incumbent-only i5] SLOTS lane=max_pool1d ft=[1.0000 1.0000 1.0000 1.0000] pt=[6.6554 10.3708 10.2638 9.0537]
[incumbent-only i5] SLOTS lane=conv2d_masked ft=[1.0000 1.0000 1.0000 1.0000] pt=[3.7329 2.9535 3.2646 2.8245]
[incumbent-only i5] SLOTS lane=max_pool1d ft=[1.0000 1.0000 1.0000 1.0000] pt=[8.1971 9.4496 10.9364 9.8925]
[incumbent-only i5] SLOTS lane=conv2d_masked ft=[1.0000 1.0000 1.0000 1.0000] pt=[3.2884 1.6062 1.4705 1.5138]
[incumbent-only i5] SLOTS lane=max_pool1d ft=[1.0000 1.0000 1.0000 1.0000] pt=[9.3558 10.5342 9.3429 9.1782]
[incumbent-only i5] SLOTS lane=conv2d_masked ft=[1.0000 1.0000 1.0000 1.0000] pt=[3.6953 2.2109 2.7227 2.2627]
[incumbent-only i5] SLOTS lane=max_pool1d ft=[1.0000 1.0000 1.0000 1.0000] pt=[6.7729 9.5792 9.8243 8.9386]
[incumbent-only i5] SLOTS lane=conv2d_masked ft=[1.0000 1.0000 1.0000 1.0000] pt=[3.4466 1.8473 1.8812 1.8928]
[incumbent-only i5] SLOTS lane=max_pool1d ft=[1.0000 1.0000 1.0000 1.0000] pt=[6.4901 9.4008 10.5641 9.6807]
[incumbent-only i5] SLOTS lane=conv2d_masked ft=[1.0000 1.0000 1.0000 1.0000] pt=[3.7921 2.2009 2.0625 2.0457]
[incumbent-only i5] SLOTS lane=max_pool1d ft=[1.0000 1.0000 1.0000 1.0000] pt=[7.7423 8.7871 9.4583 9.3166]
[incumbent-only i5] SLOTS lane=conv2d_masked ft=[1.0000 1.0000 1.0000 1.0000] pt=[3.7507 2.7344 2.7863 2.6763]
[incumbent-only i5] SLOTS lane=max_pool1d ft=[1.0000 1.0000 1.0000 1.0000] pt=[8.3062 10.6433 11.0767 12.6121]
[incumbent-only i5] SLOTS lane=conv2d_masked ft=[1.0000 1.0000 1.0000 1.0000] pt=[4.1404 3.1563 3.2235 2.7542]
[incumbent-only i5] SLOTS lane=max_pool1d ft=[1.0000 1.0000 1.0000 1.0000] pt=[8.7881 11.2607 10.5159 10.4733]
[incumbent-only i5] SLOTS lane=conv2d_masked ft=[1.0000 1.0000 1.0000 1.0000] pt=[4.2605 3.7000 3.4582 3.3428]
[incumbent-only i5] SLOTS lane=max_pool1d ft=[1.0000 1.0000 1.0000 1.0000] pt=[9.9040 11.0050 10.6783 10.8525]
[incumbent-only i5] SLOTS lane=conv2d_masked ft=[1.0000 1.0000 1.0000 1.0000] pt=[4.2628 2.8930 2.7914 2.7633]
[incumbent-only i5] SLOTS lane=max_pool1d ft=[1.0000 1.0000 1.0000 1.0000] pt=[7.0182 10.9831 12.1573 10.9949]
[incumbent-only i5] SLOTS lane=conv2d_masked ft=[1.0000 1.0000 1.0000 1.0000] pt=[4.2600 2.7472 2.6857 4.3293]
[incumbent-only i5] SLOTS lane=max_pool1d ft=[1.0000 1.0000 1.0000 1.0000] pt=[9.2539 10.8433 10.5378 11.7013]
[incumbent-only i5] SLOTS lane=conv2d_masked ft=[1.0000 1.0000 1.0000 1.0000] pt=[4.2861 3.0759 3.2091 2.9659]
[incumbent-only i5] SLOTS lane=max_pool1d ft=[1.0000 1.0000 1.0000 1.0000] pt=[13.0066 11.5722 10.7811 11.1583]
[incumbent-only i5] SLOTS lane=conv2d_masked ft=[1.0000 1.0000 1.0000 1.0000] pt=[5.0759 2.8264 2.8591 2.7816]
[incumbent-only i5] SLOTS lane=max_pool1d ft=[1.0000 1.0000 1.0000 1.0000] pt=[10.7645 12.9350 7.2662 10.2162]
[incumbent-only i5] SLOTS lane=conv2d_masked ft=[1.0000 1.0000 1.0000 1.0000] pt=[4.7731 3.0836 3.3972 3.6859]
[incumbent-only i5] SLOTS lane=max_pool1d ft=[1.0000 1.0000 1.0000 1.0000] pt=[7.1409 9.5121 10.5805 10.6859]
[incumbent-only i5] SLOTS lane=conv2d_masked ft=[1.0000 1.0000 1.0000 1.0000] pt=[4.4317 2.4236 2.5569 1.8708]
[incumbent-only i5] SLOTS lane=max_pool1d ft=[1.0000 1.0000 1.0000 1.0000] pt=[6.8881 11.5370 9.8977 10.1884]
[incumbent-only i5] SLOTS lane=conv2d_masked ft=[1.0000 1.0000 1.0000 1.0000] pt=[4.1757 2.4603 2.5407 2.4491]
[incumbent-only i5] SLOTS lane=max_pool1d ft=[1.0000 1.0000 1.0000 1.0000] pt=[7.2747 10.0570 9.9301 10.0699]
[incumbent-only i5] SLOTS lane=conv2d_masked ft=[1.0000 1.0000 1.0000 1.0000] pt=[3.9118 2.5646 2.5825 2.5247]
[incumbent-only i5] SLOTS lane=max_pool1d ft=[1.0000 1.0000 1.0000 1.0000] pt=[7.2103 10.2593 10.9857 9.9701]
[incumbent-only i5] SLOTS lane=conv2d_masked ft=[1.0000 1.0000 1.0000 1.0000] pt=[4.7119 2.8024 2.6861 2.8723]
[incumbent-only i5] SLOTS lane=max_pool1d ft=[1.0000 1.0000 1.0000 1.0000] pt=[8.4782 10.8662 10.5591 10.4843]
[incumbent-only i5] SLOTS lane=conv2d_masked ft=[1.0000 1.0000 1.0000 1.0000] pt=[3.9438 2.1620 1.9410 1.8330]
[incumbent-only i5] SLOTS lane=max_pool1d ft=[1.0000 1.0000 1.0000 1.0000] pt=[6.9456 10.3148 10.3668 11.5725]
[incumbent-only i5] SLOTS lane=conv2d_masked ft=[1.0000 1.0000 1.0000 1.0000] pt=[4.2916 2.7072 2.7273 3.0687]
[incumbent-only i5] SLOTS lane=max_pool1d ft=[1.0000 1.0000 1.0000 1.0000] pt=[7.3119 10.3781 11.2083 9.5515]
[incumbent-only i5] SLOTS lane=conv2d_masked ft=[1.0000 1.0000 1.0000 1.0000] pt=[3.6916 1.9164 1.8045 1.7922]
[incumbent-only i5] SLOTS lane=max_pool1d ft=[1.0000 1.0000 1.0000 1.0000] pt=[6.9706 10.9555 10.8609 10.5749]
[incumbent-only i5] SLOTS lane=conv2d_masked ft=[1.0000 1.0000 1.0000 1.0000] pt=[4.2530 2.7414 2.6432 3.3976]
[incumbent-only i5] SLOTS lane=max_pool1d ft=[1.0000 1.0000 1.0000 1.0000] pt=[10.5801 11.2495 9.8403 10.5611]
[incumbent-only i5] SLOTS lane=conv2d_masked ft=[1.0000 1.0000 1.0000 1.0000] pt=[4.9532 2.2786 2.1593 2.2417]
[incumbent-only i5]   max_pool1d      1.000   10.203   FT 10.20x FASTER    PT FAIL 0.852 [0.825,0.925] FT PASS 1.000 [1.000,1.000] ratio 10.203 [9.965,10.522] MISMATCH incumbent=SINGLE/n11
[incumbent-only i5]   incumbent_mode lane=max_pool1d drawn=10.203 ms  SINGLE LEVEL (n=11, median 7.606, range [6.116, 10.203], spread 1.67x) — no second level banked for this lane, so this row is comparable to the other 10. The bank spans 244s — under an hour, so these are ONE session's draws, and a single-level verdict from them is WEAK: the level this lane sits at has been observed to differ BETWEEN sessions, which a bank this narrow cannot see.
[incumbent-only i5]   conv2d_masked    1.000    2.799   FT 2.80x FASTER     PT FAIL 1.310 [1.204,1.507] FT PASS 1.000 [1.000,1.000] ratio 2.799 [2.490,2.921] MISMATCH incumbent=SINGLE/n11
[incumbent-only i5]   incumbent_mode lane=conv2d_masked drawn=2.799 ms  SINGLE LEVEL (n=11, median 3.432, range [2.015, 3.726], spread 1.85x) — no second level banked for this lane, so this row is comparable to the other 10. The bank spans 244s — under an hour, so these are ONE session's draws, and a single-level verdict from them is WEAK: the level this lane sits at has been observed to differ BETWEEN sessions, which a bank this narrow cannot see.

@@@ mode=incumbent-only invocation=6 21:48:28Z loadavg=8.69 6.29 5.34
[incumbent-only i6] INCUMBENT-ONLY MODE (FT_H2H_NO_FT_ARM): no FrankenTorch work runs between the incumbent's samples. Every FT column and every ratio below is a PLACEHOLDER and carries no claim. Read the incumbent's per-slot times only.
[incumbent-only i6] SLOTS lane=max_pool1d ft=[1.0000 1.0000 1.0000 1.0000] pt=[5.7607 8.8901 9.2603 7.6488]
[incumbent-only i6] SLOTS lane=conv2d_masked ft=[1.0000 1.0000 1.0000 1.0000] pt=[4.8880 2.5530 2.5100 2.5418]
[incumbent-only i6] SLOTS lane=max_pool1d ft=[1.0000 1.0000 1.0000 1.0000] pt=[5.7477 8.7706 10.0417 8.9160]
[incumbent-only i6] SLOTS lane=conv2d_masked ft=[1.0000 1.0000 1.0000 1.0000] pt=[4.4974 2.4640 2.8372 1.8540]
[incumbent-only i6] SLOTS lane=max_pool1d ft=[1.0000 1.0000 1.0000 1.0000] pt=[5.2008 8.7873 8.8797 7.8892]
[incumbent-only i6] SLOTS lane=conv2d_masked ft=[1.0000 1.0000 1.0000 1.0000] pt=[4.8616 4.9790 4.4648 4.4026]
[incumbent-only i6] SLOTS lane=max_pool1d ft=[1.0000 1.0000 1.0000 1.0000] pt=[11.5580 10.5388 10.5042 6.9684]
[incumbent-only i6] SLOTS lane=conv2d_masked ft=[1.0000 1.0000 1.0000 1.0000] pt=[5.5484 3.5981 3.7345 3.7839]
[incumbent-only i6] SLOTS lane=max_pool1d ft=[1.0000 1.0000 1.0000 1.0000] pt=[6.9834 7.8650 10.8399 6.7769]
[incumbent-only i6] SLOTS lane=conv2d_masked ft=[1.0000 1.0000 1.0000 1.0000] pt=[5.3478 3.6340 3.7939 3.7122]
[incumbent-only i6] SLOTS lane=max_pool1d ft=[1.0000 1.0000 1.0000 1.0000] pt=[7.1144 6.6039 8.8737 6.4868]
[incumbent-only i6] SLOTS lane=conv2d_masked ft=[1.0000 1.0000 1.0000 1.0000] pt=[3.8768 2.0851 1.8664 1.8091]
[incumbent-only i6] SLOTS lane=max_pool1d ft=[1.0000 1.0000 1.0000 1.0000] pt=[4.9084 7.2686 9.7458 7.5999]
[incumbent-only i6] SLOTS lane=conv2d_masked ft=[1.0000 1.0000 1.0000 1.0000] pt=[5.5944 3.8615 3.6996 3.6067]
[incumbent-only i6] SLOTS lane=max_pool1d ft=[1.0000 1.0000 1.0000 1.0000] pt=[11.7215 8.5886 11.3679 6.2608]
[incumbent-only i6] SLOTS lane=conv2d_masked ft=[1.0000 1.0000 1.0000 1.0000] pt=[5.6266 3.6630 3.7876 3.6402]
[incumbent-only i6] SLOTS lane=max_pool1d ft=[1.0000 1.0000 1.0000 1.0000] pt=[7.5388 6.5636 6.6380 5.8396]
[incumbent-only i6] SLOTS lane=conv2d_masked ft=[1.0000 1.0000 1.0000 1.0000] pt=[5.5606 3.5884 3.7110 3.8592]
[incumbent-only i6] SLOTS lane=max_pool1d ft=[1.0000 1.0000 1.0000 1.0000] pt=[7.5222 6.4366 6.0675 6.2110]
[incumbent-only i6] SLOTS lane=conv2d_masked ft=[1.0000 1.0000 1.0000 1.0000] pt=[5.6722 3.7371 3.6989 3.7496]
[incumbent-only i6] SLOTS lane=max_pool1d ft=[1.0000 1.0000 1.0000 1.0000] pt=[7.3315 10.5585 8.5289 8.6359]
[incumbent-only i6] SLOTS lane=conv2d_masked ft=[1.0000 1.0000 1.0000 1.0000] pt=[4.2121 1.9676 2.1072 2.1569]
[incumbent-only i6] SLOTS lane=max_pool1d ft=[1.0000 1.0000 1.0000 1.0000] pt=[9.1861 8.4729 8.5260 7.6250]
[incumbent-only i6] SLOTS lane=conv2d_masked ft=[1.0000 1.0000 1.0000 1.0000] pt=[3.4168 2.2618 2.9424 2.6501]
[incumbent-only i6] SLOTS lane=max_pool1d ft=[1.0000 1.0000 1.0000 1.0000] pt=[9.6900 10.5638 9.6572 9.4590]
[incumbent-only i6] SLOTS lane=conv2d_masked ft=[1.0000 1.0000 1.0000 1.0000] pt=[6.4403 3.7019 3.6356 3.5925]
[incumbent-only i6] SLOTS lane=max_pool1d ft=[1.0000 1.0000 1.0000 1.0000] pt=[12.7472 6.5870 5.9061 5.8653]
[incumbent-only i6] SLOTS lane=conv2d_masked ft=[1.0000 1.0000 1.0000 1.0000] pt=[5.8867 3.4837 3.6617 3.7034]
[incumbent-only i6] SLOTS lane=max_pool1d ft=[1.0000 1.0000 1.0000 1.0000] pt=[6.8858 9.9057 7.7862 6.0532]
[incumbent-only i6] SLOTS lane=conv2d_masked ft=[1.0000 1.0000 1.0000 1.0000] pt=[5.4855 3.8101 3.7981 4.6355]
[incumbent-only i6] SLOTS lane=max_pool1d ft=[1.0000 1.0000 1.0000 1.0000] pt=[5.5530 8.3104 9.9383 10.7902]
[incumbent-only i6] SLOTS lane=conv2d_masked ft=[1.0000 1.0000 1.0000 1.0000] pt=[3.9042 1.9584 1.7887 1.7857]
[incumbent-only i6] SLOTS lane=max_pool1d ft=[1.0000 1.0000 1.0000 1.0000] pt=[8.6748 9.7813 6.2682 9.0895]
[incumbent-only i6] SLOTS lane=conv2d_masked ft=[1.0000 1.0000 1.0000 1.0000] pt=[4.9906 3.5495 3.1712 3.0965]
[incumbent-only i6] SLOTS lane=max_pool1d ft=[1.0000 1.0000 1.0000 1.0000] pt=[9.5809 9.3603 9.5971 9.2711]
[incumbent-only i6] SLOTS lane=conv2d_masked ft=[1.0000 1.0000 1.0000 1.0000] pt=[4.4535 2.4886 2.4704 3.0868]
[incumbent-only i6] SLOTS lane=max_pool1d ft=[1.0000 1.0000 1.0000 1.0000] pt=[11.1533 9.8739 9.6543 9.4815]
[incumbent-only i6] SLOTS lane=conv2d_masked ft=[1.0000 1.0000 1.0000 1.0000] pt=[5.2585 3.1735 3.1194 3.1385]
[incumbent-only i6] SLOTS lane=max_pool1d ft=[1.0000 1.0000 1.0000 1.0000] pt=[7.2834 9.3859 9.8691 9.6412]
[incumbent-only i6] SLOTS lane=conv2d_masked ft=[1.0000 1.0000 1.0000 1.0000] pt=[6.7848 3.2091 3.1730 3.1031]
[incumbent-only i6] SLOTS lane=max_pool1d ft=[1.0000 1.0000 1.0000 1.0000] pt=[11.9288 10.3489 9.6747 9.3455]
[incumbent-only i6] SLOTS lane=conv2d_masked ft=[1.0000 1.0000 1.0000 1.0000] pt=[5.6999 2.9787 2.8761 3.0517]
[incumbent-only i6] SLOTS lane=max_pool1d ft=[1.0000 1.0000 1.0000 1.0000] pt=[8.8938 9.7982 9.7217 9.3694]
[incumbent-only i6] SLOTS lane=conv2d_masked ft=[1.0000 1.0000 1.0000 1.0000] pt=[5.0065 2.8547 3.0838 3.3020]
[incumbent-only i6] SLOTS lane=max_pool1d ft=[1.0000 1.0000 1.0000 1.0000] pt=[8.3620 6.7923 5.9110 5.8936]
[incumbent-only i6] SLOTS lane=conv2d_masked ft=[1.0000 1.0000 1.0000 1.0000] pt=[6.4472 4.4881 4.2553 4.0699]
[incumbent-only i6] SLOTS lane=max_pool1d ft=[1.0000 1.0000 1.0000 1.0000] pt=[5.5289 9.1852 10.3768 10.2325]
[incumbent-only i6] SLOTS lane=conv2d_masked ft=[1.0000 1.0000 1.0000 1.0000] pt=[5.8948 3.9089 3.7896 3.6122]
[incumbent-only i6]   max_pool1d      1.000    8.713   FT 8.71x FASTER     PT OFFSET 0.961 [0.835,1.068] FT PASS 1.000 [1.000,1.000] ratio 8.713 [7.434,9.514] MISMATCH incumbent=SINGLE/n12
[incumbent-only i6]   incumbent_mode lane=max_pool1d drawn=8.713 ms  SINGLE LEVEL (n=12, median 7.642, range [6.116, 10.203], spread 1.67x) — no second level banked for this lane, so this row is comparable to the other 11. The bank spans 269s — under an hour, so these are ONE session's draws, and a single-level verdict from them is WEAK: the level this lane sits at has been observed to differ BETWEEN sessions, which a bank this narrow cannot see.
[incumbent-only i6]   conv2d_masked    1.000    3.515   FT 3.51x FASTER     PT FAIL 1.332 [1.230,1.456] FT PASS 1.000 [1.000,1.000] ratio 3.515 [3.015,3.753] MISMATCH incumbent=SINGLE/n12
[incumbent-only i6]   incumbent_mode lane=conv2d_masked drawn=3.515 ms  SINGLE LEVEL (n=12, median 3.454, range [2.015, 3.726], spread 1.85x) — no second level banked for this lane, so this row is comparable to the other 11. The bank spans 269s — under an hour, so these are ONE session's draws, and a single-level verdict from them is WEAK: the level this lane sits at has been observed to differ BETWEEN sessions, which a bank this narrow cannot see.
incumbent-only: 6/6 invocations in 6 attempts

@@@ mode=ft-only invocation=1 21:48:50Z loadavg=8.26 6.36 5.39
[ft-only i1] ISOLATION MODE (FT_H2H_NO_INCUMBENT): no incumbent work runs between our samples. Every PT column and every vs-PyTorch ratio below is a PLACEHOLDER and carries no claim. Read the FT A/A null and nothing else.
[ft-only i1] SLOTS lane=max_pool1d ft=[6.9492 6.8993 7.8859 6.7748] pt=[1.0000 1.0000 1.0000 1.0000]
[ft-only i1] SLOTS lane=conv2d_masked ft=[5.6180 5.4945 5.2346 5.1892] pt=[1.0000 1.0000 1.0000 1.0000]
[ft-only i1] SLOTS lane=max_pool1d ft=[6.8890 7.2565 6.4688 6.3201] pt=[1.0000 1.0000 1.0000 1.0000]
[ft-only i1] SLOTS lane=conv2d_masked ft=[4.9424 4.3455 3.6133 3.5016] pt=[1.0000 1.0000 1.0000 1.0000]
[ft-only i1] SLOTS lane=max_pool1d ft=[6.1673 6.5252 6.3610 7.0740] pt=[1.0000 1.0000 1.0000 1.0000]
[ft-only i1] SLOTS lane=conv2d_masked ft=[5.6696 3.7938 4.1343 3.3898] pt=[1.0000 1.0000 1.0000 1.0000]
[ft-only i1] SLOTS lane=max_pool1d ft=[6.6134 7.1888 6.7743 6.5753] pt=[1.0000 1.0000 1.0000 1.0000]
[ft-only i1] SLOTS lane=conv2d_masked ft=[4.7391 4.2017 4.6701 4.5856] pt=[1.0000 1.0000 1.0000 1.0000]
[ft-only i1] SLOTS lane=max_pool1d ft=[6.3776 6.4660 6.2979 6.6065] pt=[1.0000 1.0000 1.0000 1.0000]
[ft-only i1] SLOTS lane=conv2d_masked ft=[5.2325 4.4662 4.4344 4.1529] pt=[1.0000 1.0000 1.0000 1.0000]
[ft-only i1] SLOTS lane=max_pool1d ft=[6.3172 6.7675 7.2178 8.3938] pt=[1.0000 1.0000 1.0000 1.0000]
[ft-only i1] SLOTS lane=conv2d_masked ft=[4.7443 4.0248 4.1430 4.0285] pt=[1.0000 1.0000 1.0000 1.0000]
[ft-only i1] SLOTS lane=max_pool1d ft=[6.4470 6.8080 6.6219 7.1661] pt=[1.0000 1.0000 1.0000 1.0000]
[ft-only i1] SLOTS lane=conv2d_masked ft=[5.4509 4.1499 3.9671 4.3949] pt=[1.0000 1.0000 1.0000 1.0000]
[ft-only i1] SLOTS lane=max_pool1d ft=[6.6302 6.6611 6.6845 7.2356] pt=[1.0000 1.0000 1.0000 1.0000]
[ft-only i1] SLOTS lane=conv2d_masked ft=[4.9967 4.0269 4.0630 3.8125] pt=[1.0000 1.0000 1.0000 1.0000]
[ft-only i1] SLOTS lane=max_pool1d ft=[6.7924 7.3199 7.3125 6.8379] pt=[1.0000 1.0000 1.0000 1.0000]
[ft-only i1] SLOTS lane=conv2d_masked ft=[6.3395 6.2212 5.7806 5.6642] pt=[1.0000 1.0000 1.0000 1.0000]
[ft-only i1] SLOTS lane=max_pool1d ft=[6.4835 7.3490 6.3386 6.3382] pt=[1.0000 1.0000 1.0000 1.0000]
[ft-only i1] SLOTS lane=conv2d_masked ft=[5.7677 4.5775 4.4906 4.4544] pt=[1.0000 1.0000 1.0000 1.0000]
[ft-only i1] SLOTS lane=max_pool1d ft=[7.1696 7.2466 7.0745 6.3028] pt=[1.0000 1.0000 1.0000 1.0000]
[ft-only i1] SLOTS lane=conv2d_masked ft=[5.2013 5.5080 5.1200 4.5390] pt=[1.0000 1.0000 1.0000 1.0000]
[ft-only i1] SLOTS lane=max_pool1d ft=[7.1362 7.2635 7.1290 7.0227] pt=[1.0000 1.0000 1.0000 1.0000]
[ft-only i1] SLOTS lane=conv2d_masked ft=[4.8447 4.0039 4.5320 4.5618] pt=[1.0000 1.0000 1.0000 1.0000]
[ft-only i1] SLOTS lane=max_pool1d ft=[6.7817 7.2635 6.5856 7.4154] pt=[1.0000 1.0000 1.0000 1.0000]
[ft-only i1] SLOTS lane=conv2d_masked ft=[5.7236 4.3284 4.8646 3.5322] pt=[1.0000 1.0000 1.0000 1.0000]
[ft-only i1] SLOTS lane=max_pool1d ft=[6.9638 7.0092 7.0633 6.7261] pt=[1.0000 1.0000 1.0000 1.0000]
[ft-only i1] SLOTS lane=conv2d_masked ft=[5.7105 5.2119 4.6573 4.2609] pt=[1.0000 1.0000 1.0000 1.0000]
[ft-only i1] SLOTS lane=max_pool1d ft=[6.6900 7.3953 7.4844 7.0894] pt=[1.0000 1.0000 1.0000 1.0000]
[ft-only i1] SLOTS lane=conv2d_masked ft=[4.6168 3.1006 2.9952 4.1429] pt=[1.0000 1.0000 1.0000 1.0000]
[ft-only i1] SLOTS lane=max_pool1d ft=[6.8833 6.9223 7.1705 7.2032] pt=[1.0000 1.0000 1.0000 1.0000]
[ft-only i1] SLOTS lane=conv2d_masked ft=[5.6657 4.3306 4.1562 4.4108] pt=[1.0000 1.0000 1.0000 1.0000]
[ft-only i1] SLOTS lane=max_pool1d ft=[6.8412 6.7745 6.7763 6.9224] pt=[1.0000 1.0000 1.0000 1.0000]
[ft-only i1] SLOTS lane=conv2d_masked ft=[4.9890 4.0454 3.8862 3.8670] pt=[1.0000 1.0000 1.0000 1.0000]
[ft-only i1] SLOTS lane=max_pool1d ft=[7.2092 6.9713 6.9858 6.9649] pt=[1.0000 1.0000 1.0000 1.0000]
[ft-only i1] SLOTS lane=conv2d_masked ft=[4.7798 4.0446 4.2817 4.5222] pt=[1.0000 1.0000 1.0000 1.0000]
[ft-only i1] SLOTS lane=max_pool1d ft=[7.0465 7.3626 6.9086 7.1856] pt=[1.0000 1.0000 1.0000 1.0000]
[ft-only i1] SLOTS lane=conv2d_masked ft=[4.1772 2.9957 3.5192 3.1247] pt=[1.0000 1.0000 1.0000 1.0000]
[ft-only i1] SLOTS lane=max_pool1d ft=[7.0578 7.1438 6.8452 7.0104] pt=[1.0000 1.0000 1.0000 1.0000]
[ft-only i1] SLOTS lane=conv2d_masked ft=[4.2530 3.0154 3.1897 3.0338] pt=[1.0000 1.0000 1.0000 1.0000]
[ft-only i1] SLOTS lane=max_pool1d ft=[7.5799 6.8575 7.0203 7.5415] pt=[1.0000 1.0000 1.0000 1.0000]
[ft-only i1] SLOTS lane=conv2d_masked ft=[4.8600 3.6955 4.0763 4.3165] pt=[1.0000 1.0000 1.0000 1.0000]
[ft-only i1] SLOTS lane=max_pool1d ft=[6.9914 6.5672 6.4721 6.6291] pt=[1.0000 1.0000 1.0000 1.0000]
[ft-only i1] SLOTS lane=conv2d_masked ft=[4.2141 3.1553 2.9912 2.9615] pt=[1.0000 1.0000 1.0000 1.0000]
[ft-only i1] SLOTS lane=max_pool1d ft=[6.8827 6.9532 7.1127 7.1626] pt=[1.0000 1.0000 1.0000 1.0000]
[ft-only i1] SLOTS lane=conv2d_masked ft=[5.4315 4.3803 3.5302 3.1627] pt=[1.0000 1.0000 1.0000 1.0000]
[ft-only i1] SLOTS lane=max_pool1d ft=[6.6522 6.9822 7.0656 7.4205] pt=[1.0000 1.0000 1.0000 1.0000]
[ft-only i1] SLOTS lane=conv2d_masked ft=[4.2608 3.0239 2.9621 3.0621] pt=[1.0000 1.0000 1.0000 1.0000]
[ft-only i1]   max_pool1d      6.990       --   PyTorch row missing
[ft-only i1]   conv2d_masked    4.234       --   PyTorch row missing

@@@ mode=ft-only invocation=2 21:48:59Z loadavg=7.37 6.24 5.36
[ft-only i2] ISOLATION MODE (FT_H2H_NO_INCUMBENT): no incumbent work runs between our samples. Every PT column and every vs-PyTorch ratio below is a PLACEHOLDER and carries no claim. Read the FT A/A null and nothing else.
[ft-only i2] SLOTS lane=max_pool1d ft=[6.4491 6.2752 6.4596 6.5894] pt=[1.0000 1.0000 1.0000 1.0000]
[ft-only i2] SLOTS lane=conv2d_masked ft=[5.1662 5.2720 4.7642 4.8917] pt=[1.0000 1.0000 1.0000 1.0000]
[ft-only i2] SLOTS lane=max_pool1d ft=[6.1675 6.3587 6.1752 6.7396] pt=[1.0000 1.0000 1.0000 1.0000]
[ft-only i2] SLOTS lane=conv2d_masked ft=[5.0790 4.5533 3.8288 3.5416] pt=[1.0000 1.0000 1.0000 1.0000]
[ft-only i2] SLOTS lane=max_pool1d ft=[6.8364 7.9162 7.1406 7.3019] pt=[1.0000 1.0000 1.0000 1.0000]
[ft-only i2] SLOTS lane=conv2d_masked ft=[4.4978 3.0278 3.0457 3.0294] pt=[1.0000 1.0000 1.0000 1.0000]
[ft-only i2] SLOTS lane=max_pool1d ft=[6.8191 7.2427 7.4955 7.6166] pt=[1.0000 1.0000 1.0000 1.0000]
[ft-only i2] SLOTS lane=conv2d_masked ft=[4.7682 4.7096 5.4112 7.0505] pt=[1.0000 1.0000 1.0000 1.0000]
[ft-only i2] SLOTS lane=max_pool1d ft=[6.2753 7.4173 6.5089 6.3134] pt=[1.0000 1.0000 1.0000 1.0000]
[ft-only i2] SLOTS lane=conv2d_masked ft=[4.9209 5.0280 5.0236 4.9362] pt=[1.0000 1.0000 1.0000 1.0000]
[ft-only i2] SLOTS lane=max_pool1d ft=[6.1632 6.3623 6.4783 6.7473] pt=[1.0000 1.0000 1.0000 1.0000]
[ft-only i2] SLOTS lane=conv2d_masked ft=[4.6728 3.6971 4.2738 4.6052] pt=[1.0000 1.0000 1.0000 1.0000]
[ft-only i2] SLOTS lane=max_pool1d ft=[6.7935 7.0349 7.2079 7.2231] pt=[1.0000 1.0000 1.0000 1.0000]
[ft-only i2] SLOTS lane=conv2d_masked ft=[4.4058 3.3503 3.0992 4.0304] pt=[1.0000 1.0000 1.0000 1.0000]
[ft-only i2] SLOTS lane=max_pool1d ft=[6.8076 7.0834 6.8541 7.3740] pt=[1.0000 1.0000 1.0000 1.0000]
[ft-only i2] SLOTS lane=conv2d_masked ft=[5.1988 4.2021 3.8539 3.7620] pt=[1.0000 1.0000 1.0000 1.0000]
[ft-only i2] SLOTS lane=max_pool1d ft=[6.8031 7.2619 7.1446 7.7171] pt=[1.0000 1.0000 1.0000 1.0000]
[ft-only i2] SLOTS lane=conv2d_masked ft=[5.8118 4.4221 4.5457 4.1644] pt=[1.0000 1.0000 1.0000 1.0000]
[ft-only i2] SLOTS lane=max_pool1d ft=[6.7014 6.8723 6.8815 6.9951] pt=[1.0000 1.0000 1.0000 1.0000]
[ft-only i2] SLOTS lane=conv2d_masked ft=[5.8038 4.6240 4.3704 4.1652] pt=[1.0000 1.0000 1.0000 1.0000]
[ft-only i2] SLOTS lane=max_pool1d ft=[7.1222 7.3954 7.5007 7.1011] pt=[1.0000 1.0000 1.0000 1.0000]
[ft-only i2] SLOTS lane=conv2d_masked ft=[5.3831 3.8736 4.1440 4.1401] pt=[1.0000 1.0000 1.0000 1.0000]
[ft-only i2] SLOTS lane=max_pool1d ft=[6.7753 6.4077 6.9611 6.8852] pt=[1.0000 1.0000 1.0000 1.0000]
[ft-only i2] SLOTS lane=conv2d_masked ft=[4.8773 4.0706 4.3196 4.0870] pt=[1.0000 1.0000 1.0000 1.0000]
[ft-only i2] SLOTS lane=max_pool1d ft=[6.3600 6.6177 6.6184 6.6084] pt=[1.0000 1.0000 1.0000 1.0000]
[ft-only i2] SLOTS lane=conv2d_masked ft=[5.5008 4.5507 4.5774 4.5621] pt=[1.0000 1.0000 1.0000 1.0000]
[ft-only i2] SLOTS lane=max_pool1d ft=[6.6736 6.3712 6.5813 6.8195] pt=[1.0000 1.0000 1.0000 1.0000]
[ft-only i2] SLOTS lane=conv2d_masked ft=[5.1204 4.6409 4.5289 4.3018] pt=[1.0000 1.0000 1.0000 1.0000]
[ft-only i2] SLOTS lane=max_pool1d ft=[6.8315 7.1259 7.7413 7.0527] pt=[1.0000 1.0000 1.0000 1.0000]
[ft-only i2] SLOTS lane=conv2d_masked ft=[5.3928 4.5216 3.9945 3.8458] pt=[1.0000 1.0000 1.0000 1.0000]
[ft-only i2] SLOTS lane=max_pool1d ft=[6.6577 7.0623 6.5379 6.5003] pt=[1.0000 1.0000 1.0000 1.0000]
[ft-only i2] SLOTS lane=conv2d_masked ft=[5.5296 3.9760 3.8864 3.9954] pt=[1.0000 1.0000 1.0000 1.0000]
[ft-only i2] SLOTS lane=max_pool1d ft=[7.0392 6.4927 6.9976 7.0201] pt=[1.0000 1.0000 1.0000 1.0000]
[ft-only i2] SLOTS lane=conv2d_masked ft=[5.6616 3.9535 4.3607 4.5890] pt=[1.0000 1.0000 1.0000 1.0000]
[ft-only i2] SLOTS lane=max_pool1d ft=[6.7176 7.3799 7.3147 7.5634] pt=[1.0000 1.0000 1.0000 1.0000]
[ft-only i2] SLOTS lane=conv2d_masked ft=[5.3350 4.3478 4.3890 4.3501] pt=[1.0000 1.0000 1.0000 1.0000]
[ft-only i2] SLOTS lane=max_pool1d ft=[6.7671 7.1512 7.8518 7.3544] pt=[1.0000 1.0000 1.0000 1.0000]
[ft-only i2] SLOTS lane=conv2d_masked ft=[5.7143 4.4829 5.5123 4.7347] pt=[1.0000 1.0000 1.0000 1.0000]
[ft-only i2] SLOTS lane=max_pool1d ft=[6.2436 6.8976 7.0721 7.0800] pt=[1.0000 1.0000 1.0000 1.0000]
[ft-only i2] SLOTS lane=conv2d_masked ft=[4.3725 3.0805 3.0299 2.9838] pt=[1.0000 1.0000 1.0000 1.0000]
[ft-only i2] SLOTS lane=max_pool1d ft=[6.4069 6.7243 6.6631 6.4080] pt=[1.0000 1.0000 1.0000 1.0000]
[ft-only i2] SLOTS lane=conv2d_masked ft=[4.8988 3.9679 3.7885 4.3169] pt=[1.0000 1.0000 1.0000 1.0000]
[ft-only i2] SLOTS lane=max_pool1d ft=[6.4724 7.2292 6.9900 7.3212] pt=[1.0000 1.0000 1.0000 1.0000]
[ft-only i2] SLOTS lane=conv2d_masked ft=[4.5609 3.1597 3.0978 3.1683] pt=[1.0000 1.0000 1.0000 1.0000]
[ft-only i2] SLOTS lane=max_pool1d ft=[6.7246 6.9790 7.6556 7.2237] pt=[1.0000 1.0000 1.0000 1.0000]
[ft-only i2] SLOTS lane=conv2d_masked ft=[5.6213 4.1261 4.0745 3.9050] pt=[1.0000 1.0000 1.0000 1.0000]
[ft-only i2] SLOTS lane=max_pool1d ft=[7.0074 7.3543 7.1505 7.8360] pt=[1.0000 1.0000 1.0000 1.0000]
[ft-only i2] SLOTS lane=conv2d_masked ft=[5.9889 5.0108 4.4341 4.5587] pt=[1.0000 1.0000 1.0000 1.0000]
[ft-only i2]   max_pool1d      6.997       --   PyTorch row missing
[ft-only i2]   conv2d_masked    4.314       --   PyTorch row missing

@@@ mode=ft-only invocation=3 21:49:07Z loadavg=7.50 6.28 5.38
[ft-only i3] ISOLATION MODE (FT_H2H_NO_INCUMBENT): no incumbent work runs between our samples. Every PT column and every vs-PyTorch ratio below is a PLACEHOLDER and carries no claim. Read the FT A/A null and nothing else.
[ft-only i3] SLOTS lane=max_pool1d ft=[6.6552 6.5377 6.3808 6.3264] pt=[1.0000 1.0000 1.0000 1.0000]
[ft-only i3] SLOTS lane=conv2d_masked ft=[5.3786 5.6771 5.4100 5.5926] pt=[1.0000 1.0000 1.0000 1.0000]
[ft-only i3] SLOTS lane=max_pool1d ft=[6.6002 6.4538 6.5941 6.5506] pt=[1.0000 1.0000 1.0000 1.0000]
[ft-only i3] SLOTS lane=conv2d_masked ft=[6.7393 5.9311 6.2577 5.8460] pt=[1.0000 1.0000 1.0000 1.0000]
[ft-only i3] SLOTS lane=max_pool1d ft=[6.8971 6.9319 6.4779 6.6081] pt=[1.0000 1.0000 1.0000 1.0000]
[ft-only i3] SLOTS lane=conv2d_masked ft=[5.9382 5.7705 5.7957 5.6419] pt=[1.0000 1.0000 1.0000 1.0000]
[ft-only i3] SLOTS lane=max_pool1d ft=[6.4911 6.8247 6.6335 6.4517] pt=[1.0000 1.0000 1.0000 1.0000]
[ft-only i3] SLOTS lane=conv2d_masked ft=[5.9737 4.8992 4.8760 4.3376] pt=[1.0000 1.0000 1.0000 1.0000]
[ft-only i3] SLOTS lane=max_pool1d ft=[8.3572 7.2786 6.8668 7.1004] pt=[1.0000 1.0000 1.0000 1.0000]
[ft-only i3] SLOTS lane=conv2d_masked ft=[5.3039 5.2674 5.6140 5.5004] pt=[1.0000 1.0000 1.0000 1.0000]
[ft-only i3] SLOTS lane=max_pool1d ft=[6.3629 7.2073 6.5248 6.7674] pt=[1.0000 1.0000 1.0000 1.0000]
[ft-only i3] SLOTS lane=conv2d_masked ft=[5.4419 4.7311 4.5583 4.3853] pt=[1.0000 1.0000 1.0000 1.0000]
[ft-only i3] SLOTS lane=max_pool1d ft=[6.1386 6.4335 6.7053 6.8900] pt=[1.0000 1.0000 1.0000 1.0000]
[ft-only i3] SLOTS lane=conv2d_masked ft=[5.5267 5.0548 5.1951 5.4037] pt=[1.0000 1.0000 1.0000 1.0000]
[ft-only i3] SLOTS lane=max_pool1d ft=[6.1015 6.4965 6.5376 6.6034] pt=[1.0000 1.0000 1.0000 1.0000]
[ft-only i3] SLOTS lane=conv2d_masked ft=[5.3937 5.2134 5.6507 5.4564] pt=[1.0000 1.0000 1.0000 1.0000]
[ft-only i3] SLOTS lane=max_pool1d ft=[6.2147 6.7032 7.0677 6.6081] pt=[1.0000 1.0000 1.0000 1.0000]
[ft-only i3] SLOTS lane=conv2d_masked ft=[5.1516 4.7180 5.2499 4.9594] pt=[1.0000 1.0000 1.0000 1.0000]
[ft-only i3] SLOTS lane=max_pool1d ft=[6.6931 7.6974 8.7064 8.5819] pt=[1.0000 1.0000 1.0000 1.0000]
[ft-only i3] SLOTS lane=conv2d_masked ft=[5.5581 5.6991 5.9607 5.9216] pt=[1.0000 1.0000 1.0000 1.0000]
[ft-only i3] SLOTS lane=max_pool1d ft=[6.2895 7.1320 6.5442 6.5021] pt=[1.0000 1.0000 1.0000 1.0000]
[ft-only i3] SLOTS lane=conv2d_masked ft=[5.4477 4.2336 3.8493 3.7467] pt=[1.0000 1.0000 1.0000 1.0000]
[ft-only i3] SLOTS lane=max_pool1d ft=[6.0490 6.6355 7.2571 7.0497] pt=[1.0000 1.0000 1.0000 1.0000]
[ft-only i3] SLOTS lane=conv2d_masked ft=[5.4719 5.4034 5.8249 5.7824] pt=[1.0000 1.0000 1.0000 1.0000]
[ft-only i3] SLOTS lane=max_pool1d ft=[6.4836 6.6069 7.4933 6.7334] pt=[1.0000 1.0000 1.0000 1.0000]
[ft-only i3] SLOTS lane=conv2d_masked ft=[6.1260 5.4936 5.7364 5.5576] pt=[1.0000 1.0000 1.0000 1.0000]
[ft-only i3] SLOTS lane=max_pool1d ft=[6.3983 7.7753 6.8681 6.5571] pt=[1.0000 1.0000 1.0000 1.0000]
[ft-only i3] SLOTS lane=conv2d_masked ft=[5.5834 5.5471 5.9128 5.8262] pt=[1.0000 1.0000 1.0000 1.0000]
[ft-only i3] SLOTS lane=max_pool1d ft=[6.7026 6.7539 6.5756 6.8776] pt=[1.0000 1.0000 1.0000 1.0000]
[ft-only i3] SLOTS lane=conv2d_masked ft=[5.5781 5.2889 5.4289 5.1961] pt=[1.0000 1.0000 1.0000 1.0000]
[ft-only i3] SLOTS lane=max_pool1d ft=[6.4359 6.8102 6.8724 7.2487] pt=[1.0000 1.0000 1.0000 1.0000]
[ft-only i3] SLOTS lane=conv2d_masked ft=[6.1962 6.1429 5.5941 6.1532] pt=[1.0000 1.0000 1.0000 1.0000]
[ft-only i3] SLOTS lane=max_pool1d ft=[6.3883 6.5459 6.5827 6.5940] pt=[1.0000 1.0000 1.0000 1.0000]
[ft-only i3] SLOTS lane=conv2d_masked ft=[5.6826 5.0709 5.0053 3.7279] pt=[1.0000 1.0000 1.0000 1.0000]
[ft-only i3] SLOTS lane=max_pool1d ft=[6.8395 7.4510 7.1118 10.0187] pt=[1.0000 1.0000 1.0000 1.0000]
[ft-only i3] SLOTS lane=conv2d_masked ft=[5.0557 4.8999 5.1864 5.2898] pt=[1.0000 1.0000 1.0000 1.0000]
[ft-only i3] SLOTS lane=max_pool1d ft=[6.9119 9.1620 6.3940 6.3964] pt=[1.0000 1.0000 1.0000 1.0000]
[ft-only i3] SLOTS lane=conv2d_masked ft=[5.1612 4.5217 4.4746 3.9813] pt=[1.0000 1.0000 1.0000 1.0000]
[ft-only i3] SLOTS lane=max_pool1d ft=[6.6117 6.6660 6.8363 6.6580] pt=[1.0000 1.0000 1.0000 1.0000]
[ft-only i3] SLOTS lane=conv2d_masked ft=[4.7882 4.4103 4.3043 4.8741] pt=[1.0000 1.0000 1.0000 1.0000]
[ft-only i3] SLOTS lane=max_pool1d ft=[6.4997 6.7288 6.5640 6.6519] pt=[1.0000 1.0000 1.0000 1.0000]
[ft-only i3] SLOTS lane=conv2d_masked ft=[4.8733 4.7461 4.4808 4.9877] pt=[1.0000 1.0000 1.0000 1.0000]
[ft-only i3] SLOTS lane=max_pool1d ft=[6.6118 6.6780 6.5708 6.9126] pt=[1.0000 1.0000 1.0000 1.0000]
[ft-only i3] SLOTS lane=conv2d_masked ft=[5.2348 5.0361 4.9881 4.7632] pt=[1.0000 1.0000 1.0000 1.0000]
[ft-only i3] SLOTS lane=max_pool1d ft=[7.3185 6.4610 6.6500 6.9269] pt=[1.0000 1.0000 1.0000 1.0000]
[ft-only i3] SLOTS lane=conv2d_masked ft=[4.6481 5.1408 4.1748 4.1901] pt=[1.0000 1.0000 1.0000 1.0000]
[ft-only i3] SLOTS lane=max_pool1d ft=[7.1502 6.5370 6.8084 6.4166] pt=[1.0000 1.0000 1.0000 1.0000]
[ft-only i3] SLOTS lane=conv2d_masked ft=[4.6788 5.2224 5.5769 5.9545] pt=[1.0000 1.0000 1.0000 1.0000]
[ft-only i3]   max_pool1d      6.659       --   PyTorch row missing
[ft-only i3]   conv2d_masked    5.329       --   PyTorch row missing

@@@ mode=ft-only invocation=4 21:49:16Z loadavg=6.97 6.21 5.36
[ft-only i4] ISOLATION MODE (FT_H2H_NO_INCUMBENT): no incumbent work runs between our samples. Every PT column and every vs-PyTorch ratio below is a PLACEHOLDER and carries no claim. Read the FT A/A null and nothing else.
[ft-only i4] SLOTS lane=max_pool1d ft=[7.0550 6.8337 6.7946 6.9286] pt=[1.0000 1.0000 1.0000 1.0000]
[ft-only i4] SLOTS lane=conv2d_masked ft=[4.8062 4.4161 5.2363 5.2881] pt=[1.0000 1.0000 1.0000 1.0000]
[ft-only i4] SLOTS lane=max_pool1d ft=[7.2534 6.9634 7.4618 7.4252] pt=[1.0000 1.0000 1.0000 1.0000]
[ft-only i4] SLOTS lane=conv2d_masked ft=[5.6296 5.0065 3.9424 3.7633] pt=[1.0000 1.0000 1.0000 1.0000]
[ft-only i4] SLOTS lane=max_pool1d ft=[6.7413 6.6780 6.8865 6.6350] pt=[1.0000 1.0000 1.0000 1.0000]
[ft-only i4] SLOTS lane=conv2d_masked ft=[5.3494 4.4495 4.4696 4.5212] pt=[1.0000 1.0000 1.0000 1.0000]
[ft-only i4] SLOTS lane=max_pool1d ft=[7.4700 7.2288 7.0775 7.2177] pt=[1.0000 1.0000 1.0000 1.0000]
[ft-only i4] SLOTS lane=conv2d_masked ft=[4.7011 3.0458 3.9797 4.5063] pt=[1.0000 1.0000 1.0000 1.0000]
[ft-only i4] SLOTS lane=max_pool1d ft=[6.6332 6.7892 6.8174 6.3191] pt=[1.0000 1.0000 1.0000 1.0000]
[ft-only i4] SLOTS lane=conv2d_masked ft=[4.8065 4.0084 4.1545 4.1985] pt=[1.0000 1.0000 1.0000 1.0000]
[ft-only i4] SLOTS lane=max_pool1d ft=[6.2436 7.2344 7.2348 6.8147] pt=[1.0000 1.0000 1.0000 1.0000]
[ft-only i4] SLOTS lane=conv2d_masked ft=[4.9716 4.0816 4.4700 4.9277] pt=[1.0000 1.0000 1.0000 1.0000]
[ft-only i4] SLOTS lane=max_pool1d ft=[6.3587 7.5317 7.6791 7.1082] pt=[1.0000 1.0000 1.0000 1.0000]
[ft-only i4] SLOTS lane=conv2d_masked ft=[5.3007 3.8104 3.5885 4.0602] pt=[1.0000 1.0000 1.0000 1.0000]
[ft-only i4] SLOTS lane=max_pool1d ft=[6.8087 7.0003 6.9360 6.6002] pt=[1.0000 1.0000 1.0000 1.0000]
[ft-only i4] SLOTS lane=conv2d_masked ft=[4.9937 4.2673 3.8750 4.0450] pt=[1.0000 1.0000 1.0000 1.0000]
[ft-only i4] SLOTS lane=max_pool1d ft=[6.1744 6.6709 6.8941 6.3672] pt=[1.0000 1.0000 1.0000 1.0000]
[ft-only i4] SLOTS lane=conv2d_masked ft=[4.7126 4.1607 4.9217 4.7382] pt=[1.0000 1.0000 1.0000 1.0000]
[ft-only i4] SLOTS lane=max_pool1d ft=[6.7904 7.0882 6.6178 6.9917] pt=[1.0000 1.0000 1.0000 1.0000]
[ft-only i4] SLOTS lane=conv2d_masked ft=[4.3937 3.1940 2.9496 3.0240] pt=[1.0000 1.0000 1.0000 1.0000]
[ft-only i4] SLOTS lane=max_pool1d ft=[7.4422 7.0537 6.5758 7.0873] pt=[1.0000 1.0000 1.0000 1.0000]
[ft-only i4] SLOTS lane=conv2d_masked ft=[4.1733 5.1341 3.1103 3.3259] pt=[1.0000 1.0000 1.0000 1.0000]
[ft-only i4] SLOTS lane=max_pool1d ft=[7.2100 6.2944 6.5182 7.1652] pt=[1.0000 1.0000 1.0000 1.0000]
[ft-only i4] SLOTS lane=conv2d_masked ft=[4.9209 4.4442 3.8144 3.7392] pt=[1.0000 1.0000 1.0000 1.0000]
[ft-only i4] SLOTS lane=max_pool1d ft=[6.6405 7.2712 7.0410 7.0290] pt=[1.0000 1.0000 1.0000 1.0000]
[ft-only i4] SLOTS lane=conv2d_masked ft=[5.1093 4.3739 4.1128 4.6251] pt=[1.0000 1.0000 1.0000 1.0000]
[ft-only i4] SLOTS lane=max_pool1d ft=[6.5120 6.6600 6.5116 6.5842] pt=[1.0000 1.0000 1.0000 1.0000]
[ft-only i4] SLOTS lane=conv2d_masked ft=[4.9900 4.2716 4.7588 4.8445] pt=[1.0000 1.0000 1.0000 1.0000]
[ft-only i4] SLOTS lane=max_pool1d ft=[6.8379 6.6078 6.4530 7.2216] pt=[1.0000 1.0000 1.0000 1.0000]
[ft-only i4] SLOTS lane=conv2d_masked ft=[5.2299 4.5316 4.0788 3.8929] pt=[1.0000 1.0000 1.0000 1.0000]
[ft-only i4] SLOTS lane=max_pool1d ft=[7.0471 6.8264 6.9095 7.1971] pt=[1.0000 1.0000 1.0000 1.0000]
[ft-only i4] SLOTS lane=conv2d_masked ft=[5.7407 3.7976 3.3619 3.0777] pt=[1.0000 1.0000 1.0000 1.0000]
[ft-only i4] SLOTS lane=max_pool1d ft=[7.2846 6.6515 6.0962 6.3004] pt=[1.0000 1.0000 1.0000 1.0000]
[ft-only i4] SLOTS lane=conv2d_masked ft=[4.8523 4.2230 4.4109 4.2708] pt=[1.0000 1.0000 1.0000 1.0000]
[ft-only i4] SLOTS lane=max_pool1d ft=[5.9793 6.6029 6.3139 6.5859] pt=[1.0000 1.0000 1.0000 1.0000]
[ft-only i4] SLOTS lane=conv2d_masked ft=[7.6495 5.4420 5.2847 5.4357] pt=[1.0000 1.0000 1.0000 1.0000]
[ft-only i4] SLOTS lane=max_pool1d ft=[7.0241 7.0348 7.1542 7.3623] pt=[1.0000 1.0000 1.0000 1.0000]
[ft-only i4] SLOTS lane=conv2d_masked ft=[6.1137 4.4572 4.7478 4.3333] pt=[1.0000 1.0000 1.0000 1.0000]
[ft-only i4] SLOTS lane=max_pool1d ft=[6.7319 6.9177 7.1927 7.2639] pt=[1.0000 1.0000 1.0000 1.0000]
[ft-only i4] SLOTS lane=conv2d_masked ft=[5.5411 3.6998 2.9889 3.0300] pt=[1.0000 1.0000 1.0000 1.0000]
[ft-only i4] SLOTS lane=max_pool1d ft=[6.5464 7.1287 6.9266 7.3259] pt=[1.0000 1.0000 1.0000 1.0000]
[ft-only i4] SLOTS lane=conv2d_masked ft=[4.5842 4.3091 4.9754 5.9924] pt=[1.0000 1.0000 1.0000 1.0000]
[ft-only i4] SLOTS lane=max_pool1d ft=[7.0014 6.7706 6.8216 6.6222] pt=[1.0000 1.0000 1.0000 1.0000]
[ft-only i4] SLOTS lane=conv2d_masked ft=[6.5412 4.8672 5.0843 4.7383] pt=[1.0000 1.0000 1.0000 1.0000]
[ft-only i4] SLOTS lane=max_pool1d ft=[6.0852 6.4368 6.4714 6.7059] pt=[1.0000 1.0000 1.0000 1.0000]
[ft-only i4] SLOTS lane=conv2d_masked ft=[4.9668 4.2433 3.9189 4.0905] pt=[1.0000 1.0000 1.0000 1.0000]
[ft-only i4] SLOTS lane=max_pool1d ft=[6.6037 7.0319 7.3829 7.0194] pt=[1.0000 1.0000 1.0000 1.0000]
[ft-only i4] SLOTS lane=conv2d_masked ft=[5.5126 4.2749 3.1716 2.9456] pt=[1.0000 1.0000 1.0000 1.0000]
[ft-only i4]   max_pool1d      6.886       --   PyTorch row missing
[ft-only i4]   conv2d_masked    4.323       --   PyTorch row missing

@@@ mode=ft-only invocation=5 21:49:24Z loadavg=6.05 6.03 5.32
[ft-only i5] ISOLATION MODE (FT_H2H_NO_INCUMBENT): no incumbent work runs between our samples. Every PT column and every vs-PyTorch ratio below is a PLACEHOLDER and carries no claim. Read the FT A/A null and nothing else.
[ft-only i5] SLOTS lane=max_pool1d ft=[7.3135 7.3468 7.2367 7.3228] pt=[1.0000 1.0000 1.0000 1.0000]
[ft-only i5] SLOTS lane=conv2d_masked ft=[4.6351 4.2667 4.0824 3.8639] pt=[1.0000 1.0000 1.0000 1.0000]
[ft-only i5] SLOTS lane=max_pool1d ft=[7.0167 7.0948 6.8103 6.4185] pt=[1.0000 1.0000 1.0000 1.0000]
[ft-only i5] SLOTS lane=conv2d_masked ft=[6.4797 6.4451 7.4622 5.0019] pt=[1.0000 1.0000 1.0000 1.0000]
[ft-only i5] SLOTS lane=max_pool1d ft=[6.6550 6.9336 6.8160 6.6953] pt=[1.0000 1.0000 1.0000 1.0000]
[ft-only i5] SLOTS lane=conv2d_masked ft=[4.2119 3.0896 3.0056 2.9972] pt=[1.0000 1.0000 1.0000 1.0000]
[ft-only i5] SLOTS lane=max_pool1d ft=[7.2389 6.6980 6.5509 6.4467] pt=[1.0000 1.0000 1.0000 1.0000]
[ft-only i5] SLOTS lane=conv2d_masked ft=[5.1679 4.4030 4.4597 4.4065] pt=[1.0000 1.0000 1.0000 1.0000]
[ft-only i5] SLOTS lane=max_pool1d ft=[6.4451 6.3967 8.1514 6.7290] pt=[1.0000 1.0000 1.0000 1.0000]
[ft-only i5] SLOTS lane=conv2d_masked ft=[5.0410 4.1567 3.8227 2.9958] pt=[1.0000 1.0000 1.0000 1.0000]
[ft-only i5] SLOTS lane=max_pool1d ft=[6.7156 6.9179 7.1091 7.1201] pt=[1.0000 1.0000 1.0000 1.0000]
[ft-only i5] SLOTS lane=conv2d_masked ft=[5.2069 3.5397 3.7450 4.2923] pt=[1.0000 1.0000 1.0000 1.0000]
[ft-only i5] SLOTS lane=max_pool1d ft=[6.9870 7.3672 7.0046 6.7498] pt=[1.0000 1.0000 1.0000 1.0000]
[ft-only i5] SLOTS lane=conv2d_masked ft=[5.3513 4.0858 4.1500 4.0567] pt=[1.0000 1.0000 1.0000 1.0000]
[ft-only i5] SLOTS lane=max_pool1d ft=[7.6212 6.4659 6.8578 6.7241] pt=[1.0000 1.0000 1.0000 1.0000]
[ft-only i5] SLOTS lane=conv2d_masked ft=[4.8725 4.0150 6.2248 4.3451] pt=[1.0000 1.0000 1.0000 1.0000]
[ft-only i5] SLOTS lane=max_pool1d ft=[6.8836 7.9074 7.2447 7.8758] pt=[1.0000 1.0000 1.0000 1.0000]
[ft-only i5] SLOTS lane=conv2d_masked ft=[5.2495 4.7157 4.3293 4.7135] pt=[1.0000 1.0000 1.0000 1.0000]
[ft-only i5] SLOTS lane=max_pool1d ft=[6.4992 7.0194 7.1166 7.2907] pt=[1.0000 1.0000 1.0000 1.0000]
[ft-only i5] SLOTS lane=conv2d_masked ft=[5.1652 4.4514 4.5708 3.9962] pt=[1.0000 1.0000 1.0000 1.0000]
[ft-only i5] SLOTS lane=max_pool1d ft=[6.6355 6.5151 7.0796 6.6942] pt=[1.0000 1.0000 1.0000 1.0000]
[ft-only i5] SLOTS lane=conv2d_masked ft=[4.5339 5.0170 4.8383 5.3730] pt=[1.0000 1.0000 1.0000 1.0000]
[ft-only i5] SLOTS lane=max_pool1d ft=[6.8253 7.5382 6.8607 6.7177] pt=[1.0000 1.0000 1.0000 1.0000]
[ft-only i5] SLOTS lane=conv2d_masked ft=[4.8902 4.5752 4.2985 4.6282] pt=[1.0000 1.0000 1.0000 1.0000]
[ft-only i5] SLOTS lane=max_pool1d ft=[6.5243 6.9741 7.6211 6.6737] pt=[1.0000 1.0000 1.0000 1.0000]
[ft-only i5] SLOTS lane=conv2d_masked ft=[5.5576 4.6630 4.6625 4.2599] pt=[1.0000 1.0000 1.0000 1.0000]
[ft-only i5] SLOTS lane=max_pool1d ft=[6.4152 6.7988 6.7157 7.0970] pt=[1.0000 1.0000 1.0000 1.0000]
[ft-only i5] SLOTS lane=conv2d_masked ft=[5.3158 4.5687 4.0569 3.6396] pt=[1.0000 1.0000 1.0000 1.0000]
[ft-only i5] SLOTS lane=max_pool1d ft=[6.2675 6.7057 7.8640 7.1824] pt=[1.0000 1.0000 1.0000 1.0000]
[ft-only i5] SLOTS lane=conv2d_masked ft=[4.3268 3.5356 3.7380 4.3006] pt=[1.0000 1.0000 1.0000 1.0000]
[ft-only i5] SLOTS lane=max_pool1d ft=[7.4029 6.4125 6.6282 7.0720] pt=[1.0000 1.0000 1.0000 1.0000]
[ft-only i5] SLOTS lane=conv2d_masked ft=[6.0576 4.5436 3.7280 4.0206] pt=[1.0000 1.0000 1.0000 1.0000]
[ft-only i5] SLOTS lane=max_pool1d ft=[7.8594 6.4669 6.7342 6.5990] pt=[1.0000 1.0000 1.0000 1.0000]
[ft-only i5] SLOTS lane=conv2d_masked ft=[4.6626 3.6345 3.5707 3.6704] pt=[1.0000 1.0000 1.0000 1.0000]
[ft-only i5] SLOTS lane=max_pool1d ft=[6.5751 7.6786 7.5733 7.0245] pt=[1.0000 1.0000 1.0000 1.0000]
[ft-only i5] SLOTS lane=conv2d_masked ft=[5.6118 4.4638 4.6244 3.9746] pt=[1.0000 1.0000 1.0000 1.0000]
[ft-only i5] SLOTS lane=max_pool1d ft=[6.8685 6.8280 6.8661 6.7188] pt=[1.0000 1.0000 1.0000 1.0000]
[ft-only i5] SLOTS lane=conv2d_masked ft=[4.8562 3.6969 3.6286 3.6481] pt=[1.0000 1.0000 1.0000 1.0000]
[ft-only i5] SLOTS lane=max_pool1d ft=[6.7129 7.3357 7.3304 7.3922] pt=[1.0000 1.0000 1.0000 1.0000]
[ft-only i5] SLOTS lane=conv2d_masked ft=[5.4388 4.0271 3.7203 3.0985] pt=[1.0000 1.0000 1.0000 1.0000]
[ft-only i5] SLOTS lane=max_pool1d ft=[6.8823 7.7426 7.0042 7.1346] pt=[1.0000 1.0000 1.0000 1.0000]
[ft-only i5] SLOTS lane=conv2d_masked ft=[5.9481 4.6437 4.9498 4.6549] pt=[1.0000 1.0000 1.0000 1.0000]
[ft-only i5] SLOTS lane=max_pool1d ft=[7.3300 7.3674 7.2467 6.9191] pt=[1.0000 1.0000 1.0000 1.0000]
[ft-only i5] SLOTS lane=conv2d_masked ft=[6.6319 5.2372 3.9804 3.5962] pt=[1.0000 1.0000 1.0000 1.0000]
[ft-only i5] SLOTS lane=max_pool1d ft=[6.4426 6.4691 6.6437 6.8822] pt=[1.0000 1.0000 1.0000 1.0000]
[ft-only i5] SLOTS lane=conv2d_masked ft=[4.9323 4.2921 4.3964 6.1430] pt=[1.0000 1.0000 1.0000 1.0000]
[ft-only i5] SLOTS lane=max_pool1d ft=[6.2406 6.6164 6.6812 6.6039] pt=[1.0000 1.0000 1.0000 1.0000]
[ft-only i5] SLOTS lane=conv2d_masked ft=[5.3881 4.6264 4.5423 4.4271] pt=[1.0000 1.0000 1.0000 1.0000]
[ft-only i5]   max_pool1d      6.849       --   PyTorch row missing
[ft-only i5]   conv2d_masked    4.472       --   PyTorch row missing

@@@ mode=ft-only invocation=6 21:49:33Z loadavg=6.21 6.07 5.33
[ft-only i6] ISOLATION MODE (FT_H2H_NO_INCUMBENT): no incumbent work runs between our samples. Every PT column and every vs-PyTorch ratio below is a PLACEHOLDER and carries no claim. Read the FT A/A null and nothing else.
[ft-only i6] SLOTS lane=max_pool1d ft=[6.9818 6.5459 6.3565 6.5847] pt=[1.0000 1.0000 1.0000 1.0000]
[ft-only i6] SLOTS lane=conv2d_masked ft=[5.1667 4.8586 4.6167 3.9802] pt=[1.0000 1.0000 1.0000 1.0000]
[ft-only i6] SLOTS lane=max_pool1d ft=[7.4802 7.0613 7.3106 7.2639] pt=[1.0000 1.0000 1.0000 1.0000]
[ft-only i6] SLOTS lane=conv2d_masked ft=[5.6764 4.1396 3.6374 3.6565] pt=[1.0000 1.0000 1.0000 1.0000]
[ft-only i6] SLOTS lane=max_pool1d ft=[6.3521 6.6583 7.4071 7.1827] pt=[1.0000 1.0000 1.0000 1.0000]
[ft-only i6] SLOTS lane=conv2d_masked ft=[5.2177 4.5173 4.8733 4.3807] pt=[1.0000 1.0000 1.0000 1.0000]
[ft-only i6] SLOTS lane=max_pool1d ft=[6.4876 7.0644 6.6852 7.2051] pt=[1.0000 1.0000 1.0000 1.0000]
[ft-only i6] SLOTS lane=conv2d_masked ft=[4.7936 4.1906 4.1896 3.4470] pt=[1.0000 1.0000 1.0000 1.0000]
[ft-only i6] SLOTS lane=max_pool1d ft=[7.1255 7.1487 6.7883 6.8655] pt=[1.0000 1.0000 1.0000 1.0000]
[ft-only i6] SLOTS lane=conv2d_masked ft=[4.7736 3.6992 4.2652 4.7354] pt=[1.0000 1.0000 1.0000 1.0000]
[ft-only i6] SLOTS lane=max_pool1d ft=[5.9758 6.7400 6.5018 6.6272] pt=[1.0000 1.0000 1.0000 1.0000]
[ft-only i6] SLOTS lane=conv2d_masked ft=[4.8842 4.5085 4.6476 5.1914] pt=[1.0000 1.0000 1.0000 1.0000]
[ft-only i6] SLOTS lane=max_pool1d ft=[6.8958 7.6631 7.1172 6.9341] pt=[1.0000 1.0000 1.0000 1.0000]
[ft-only i6] SLOTS lane=conv2d_masked ft=[5.5049 4.5635 4.4515 4.6556] pt=[1.0000 1.0000 1.0000 1.0000]
[ft-only i6] SLOTS lane=max_pool1d ft=[6.3688 7.0362 6.6001 6.6134] pt=[1.0000 1.0000 1.0000 1.0000]
[ft-only i6] SLOTS lane=conv2d_masked ft=[4.7286 3.8503 4.2702 4.0809] pt=[1.0000 1.0000 1.0000 1.0000]
[ft-only i6] SLOTS lane=max_pool1d ft=[6.9469 6.4301 6.7358 6.7509] pt=[1.0000 1.0000 1.0000 1.0000]
[ft-only i6] SLOTS lane=conv2d_masked ft=[5.0955 4.1394 3.7729 4.2763] pt=[1.0000 1.0000 1.0000 1.0000]
[ft-only i6] SLOTS lane=max_pool1d ft=[6.5122 7.2741 7.4276 7.5762] pt=[1.0000 1.0000 1.0000 1.0000]
[ft-only i6] SLOTS lane=conv2d_masked ft=[6.1657 4.5191 4.7458 4.3629] pt=[1.0000 1.0000 1.0000 1.0000]
[ft-only i6] SLOTS lane=max_pool1d ft=[6.8391 6.9462 6.8448 6.9494] pt=[1.0000 1.0000 1.0000 1.0000]
[ft-only i6] SLOTS lane=conv2d_masked ft=[4.6273 3.6216 3.8400 4.0381] pt=[1.0000 1.0000 1.0000 1.0000]
[ft-only i6] SLOTS lane=max_pool1d ft=[6.4437 6.6460 7.1039 6.7820] pt=[1.0000 1.0000 1.0000 1.0000]
[ft-only i6] SLOTS lane=conv2d_masked ft=[4.7289 3.5695 4.4094 4.1210] pt=[1.0000 1.0000 1.0000 1.0000]
[ft-only i6] SLOTS lane=max_pool1d ft=[6.5441 6.7616 7.1659 6.7371] pt=[1.0000 1.0000 1.0000 1.0000]
[ft-only i6] SLOTS lane=conv2d_masked ft=[4.4435 3.0310 4.0064 3.8772] pt=[1.0000 1.0000 1.0000 1.0000]
[ft-only i6] SLOTS lane=max_pool1d ft=[6.8172 6.9316 6.9933 7.2214] pt=[1.0000 1.0000 1.0000 1.0000]
[ft-only i6] SLOTS lane=conv2d_masked ft=[5.2561 3.4341 3.1057 4.0535] pt=[1.0000 1.0000 1.0000 1.0000]
[ft-only i6] SLOTS lane=max_pool1d ft=[7.2709 6.6315 7.0620 7.1867] pt=[1.0000 1.0000 1.0000 1.0000]
[ft-only i6] SLOTS lane=conv2d_masked ft=[4.9641 4.0729 4.1711 4.4653] pt=[1.0000 1.0000 1.0000 1.0000]
[ft-only i6] SLOTS lane=max_pool1d ft=[7.2423 6.7477 7.0430 6.9600] pt=[1.0000 1.0000 1.0000 1.0000]
[ft-only i6] SLOTS lane=conv2d_masked ft=[5.4172 4.1262 4.3323 3.0377] pt=[1.0000 1.0000 1.0000 1.0000]
[ft-only i6] SLOTS lane=max_pool1d ft=[7.1116 6.9180 7.1657 7.4118] pt=[1.0000 1.0000 1.0000 1.0000]
[ft-only i6] SLOTS lane=conv2d_masked ft=[5.0055 4.3415 3.9127 3.7826] pt=[1.0000 1.0000 1.0000 1.0000]
[ft-only i6] SLOTS lane=max_pool1d ft=[6.6931 6.3801 7.1833 6.7418] pt=[1.0000 1.0000 1.0000 1.0000]
[ft-only i6] SLOTS lane=conv2d_masked ft=[4.3762 3.8223 4.6877 5.0028] pt=[1.0000 1.0000 1.0000 1.0000]
[ft-only i6] SLOTS lane=max_pool1d ft=[6.7980 6.6756 7.4169 7.3137] pt=[1.0000 1.0000 1.0000 1.0000]
[ft-only i6] SLOTS lane=conv2d_masked ft=[5.1551 4.2388 4.0412 3.7038] pt=[1.0000 1.0000 1.0000 1.0000]
[ft-only i6] SLOTS lane=max_pool1d ft=[6.8782 7.0541 6.9508 6.7740] pt=[1.0000 1.0000 1.0000 1.0000]
[ft-only i6] SLOTS lane=conv2d_masked ft=[4.2501 4.1581 3.6750 3.5723] pt=[1.0000 1.0000 1.0000 1.0000]
[ft-only i6] SLOTS lane=max_pool1d ft=[7.2782 6.6182 6.9397 7.2224] pt=[1.0000 1.0000 1.0000 1.0000]
[ft-only i6] SLOTS lane=conv2d_masked ft=[4.7270 4.1488 4.2712 3.8764] pt=[1.0000 1.0000 1.0000 1.0000]
[ft-only i6] SLOTS lane=max_pool1d ft=[6.6785 6.8745 7.1843 7.2259] pt=[1.0000 1.0000 1.0000 1.0000]
[ft-only i6] SLOTS lane=conv2d_masked ft=[4.4574 3.1400 3.0282 3.0126] pt=[1.0000 1.0000 1.0000 1.0000]
[ft-only i6] SLOTS lane=max_pool1d ft=[6.3516 7.1208 7.1542 7.0570] pt=[1.0000 1.0000 1.0000 1.0000]
[ft-only i6] SLOTS lane=conv2d_masked ft=[4.1764 2.9969 2.9899 3.0627] pt=[1.0000 1.0000 1.0000 1.0000]
[ft-only i6] SLOTS lane=max_pool1d ft=[6.6231 7.5636 7.1957 7.3360] pt=[1.0000 1.0000 1.0000 1.0000]
[ft-only i6] SLOTS lane=conv2d_masked ft=[5.1842 3.7190 3.3516 3.0211] pt=[1.0000 1.0000 1.0000 1.0000]
[ft-only i6]   max_pool1d      6.979       --   PyTorch row missing
[ft-only i6]   conv2d_masked    4.199       --   PyTorch row missing
ft-only: 6/6 invocations in 6 attempts
===== end 2026-09-01T21:49:41Z =====
