{
  "benchmark": "torch_smooth_l1_grad_8m",
  "beta": 1.0,
  "checksum": 16.5647144262241,
  "dtype": "float64",
  "iters": 20,
  "max_ms": 386.369067,
  "mean_ms": 351.35858785,
  "median_ms": 347.528377,
  "min_ms": 342.380362,
  "n": 8388608,
  "p95_ms": 365.219319,
  "reduction": "mean",
  "times_ms": [
    349.003561,
    365.219319,
    361.844101,
    359.003305,
    344.420322,
    347.026132,
    344.724708,
    346.643976,
    348.842864,
    344.932481,
    345.686711,
    343.616586,
    386.369067,
    349.299007,
    348.030622,
    342.380362,
    346.790501,
    359.053967,
    344.060085,
    350.22408
  ],
  "torch_num_threads": 32,
  "torch_version": "2.12.1+cpu",
  "warmups": 3
}
